id,domain,status,purchase_price,renewal_price,attractiveness,demand,length,registrar,created_at,expires_at,status_verified_at
96049a83-f96f-405d-abf8-a98c17579b83,manufacturing.engineer,premium,1107,1107,high,low,13,namesilo,,,01/10/2026 02:43
fdaca0f4-895d-452b-92d9-b4e218f82b11,manufacturing.sarl,available,5.38,5.38,high,low,13,spaceship,,,01/10/2026 02:43
544a10a9-c12c-439c-b4ca-175f75555cfe,manufacturing.ltda,premium,56.64,33.04,high,low,13,namesilo,,,01/10/2026 02:43
303dc1bd-7a10-43ab-829f-5d8d535dc91b,manufacturing.io,resell,,,high,low,13,Divido Ltd,04/07/2012 00:48,30/04/2030 12:00,01/10/2026 02:43
25ca864d-09fe-4dd2-b143-cfd6f0c98222,manufacturing.equipment,premium,68.51,68.51,high,low,13,spaceship,,,01/10/2026 02:43
042bdc13-88f8-4857-9afe-f0030878fc0d,manufacturing.srl,premium,54.28,30.68,high,low,13,namesilo,,,01/10/2026 02:43
aa4f1473-8ff7-4ffc-a57e-5fc931a7e70b,manufacturing.mov,premium,30.22,30.22,high,low,13,spaceship,,,01/10/2026 02:43
09bdfcc7-809d-449b-b236-bad2e324b369,manufacturing.la,resell,,,high,low,13,LA Domain Names,22/09/2023 08:15,22/09/2027 23:59,01/10/2026 02:43
361fb823-4591-43a2-bb7a-15b315cc83ba,manufacturing.store,premium,500.2,546.35,high,low,13,unstoppable,,,01/10/2026 02:43
a539015b-21b1-40fb-90f8-819bf0aa371d,manufacturing.moda,available,32.2,32.2,high,low,13,cloudflare,,,01/10/2026 02:43
68c81227-049f-4a51-9a2d-7f3bed18cafd,manufacturing.shopping,available,26.99,26.99,high,low,13,namesilo,,,01/10/2026 02:43
58f9b59b-a0ee-4d5e-a311-90aeab58cae0,manufacturing.auto,available,1999.99,2199,high,low,13,namesilo,,,01/10/2026 02:43
e17fe2f3-9d7d-43a3-a4f4-414d8a2e97da,manufacturing.ltd,available,4.34,25.04,high,low,13,spaceship,,,01/10/2026 02:43
2c6511a2-bf81-4979-8725-3e6e18a3480d,manufacturing.solutions,resell,,,high,low,13,"Go France Domains, LLC",26/03/2014 16:00,26/03/2027 16:00,01/10/2026 02:43
ad5d40b4-dad0-4d23-a684-c110c9d6576b,manufacturing.film,available,65.99,65.99,high,low,13,namesilo,,,01/10/2026 02:43
136cdfbf-be49-4125-8456-4e6938897ff7,manufacturing.boston,available,23.49,23.49,high,low,13,namesilo,,,01/10/2026 02:43
1f457d8c-833e-4bee-9a99-56af6d21d0ad,manufacturing.coach,available,11.98,95.98,high,low,13,namecheap,,,01/10/2026 02:43
de7e74e3-79ca-4f57-bd5f-993618cfa3ec,manufacturing.gold,available,6.93,83,high,low,13,spaceship,,,01/10/2026 02:43
7c86887d-02ed-49f4-aea6-2c6e8b2fde73,manufacturing.gives,available,6.41,22.39,high,low,13,spaceship,,,01/10/2026 02:43
16342bc2-3f6f-4282-8b87-a77603e80763,manufacturing.farm,available,15.99,38.99,high,low,13,namesilo,,,01/10/2026 02:43
1e90e939-654d-49db-bf96-e3a1338eb00b,manufacturing.immobilien,available,30.22,30.22,high,low,13,spaceship,,,01/10/2026 02:43
4427ab01-e608-428d-be6c-d73d753c9be5,manufacturing.theatre,available,465.95,500.18,high,low,13,spaceship,,,01/10/2026 02:43
9fbaa46b-a98f-4efb-8b86-306cd01dae6f,manufacturing.luxury,available,26,26,high,low,13,spaceship,,,01/10/2026 02:43
53229bb6-fbea-4702-8cb5-55fb6758dcfd,manufacturing.degree,available,40.2,40.2,high,low,13,cloudflare,,,01/10/2026 02:43
6186355a-da0c-46b2-a605-9c91924e96f8,manufacturing.berlin,available,54.61,54.61,high,low,13,dynadot,,,01/10/2026 02:43
785f69ef-b183-4a25-9ebd-7762fbf5246a,manufacturing.forex,available,80.2,80.2,high,low,13,cloudflare,,,01/10/2026 02:43
721b5076-278c-445a-be53-0eb49da432fb,manufacturing.sexy,available,2675.22,2675.22,high,low,13,dynadot,,,01/10/2026 02:43
fc0760b1-0e10-4817-9cfc-29e063bc058a,manufacturing.talk,premium,66.02,66.02,high,low,13,porkbun,,,01/10/2026 02:43
00006beb-fa6e-4794-8178-14dcee01ed58,manufacturing.me,resell,,,high,low,13,Dynadot Inc,06/10/2010 17:51,06/10/2027 17:51,01/10/2026 02:43
70706c29-9e90-459d-89b4-9581ca4256be,manufacturing.tax,resell,,,high,low,13,"GoDaddy.com, LLC",14/01/2019 22:25,14/01/2027 22:25,01/10/2026 02:43
db61222a-55dc-4d3a-a4ff-498bb5e82d82,manufacturing.rehab,available,28.2,28.2,high,low,13,cloudflare,,,01/10/2026 02:43
80cd9ff9-23a6-4e35-8ff2-948e7f0b0a4f,manufacturing.hosting,available,279.65,341.75,high,low,13,spaceship,,,01/10/2026 02:43
b0ba77fc-dbcf-45f8-a3b9-d57ddf904641,manufacturing.gg,available,51.6,51.6,high,low,13,spaceship,,,01/10/2026 02:43
480653ce-5074-4a95-b81a-27f78672b95a,manufacturing.pics,available,1.99,32.49,high,low,13,namesilo,,,01/10/2026 02:43
62366d41-04fa-4be1-8122-b77e9e2c1130,manufacturing.fishing,available,26.08,26.08,high,low,13,spaceship,,,01/10/2026 02:43
d25e5469-9e3a-490a-b71d-8b72db2d0330,manufacturing.london,available,10.18,28.2,high,low,13,spaceship,,,01/10/2026 02:43
2ac0b3e8-717d-4a2a-8a52-396defd173d2,manufacturing.racing,available,10.9,10.9,high,low,13,dynadot,,,01/10/2026 02:43
d1ce6aab-c11f-48c2-b536-006a007ba27f,manufacturing.bot,premium,517.7,517.7,high,low,13,spaceship,,,01/10/2026 02:43
afe359c3-1797-4fde-8623-4b505f5c07c9,manufacturing.irish,available,7,17.2,high,low,13,unstoppable,,,01/10/2026 02:43
ffa86a02-02e6-43ef-bb98-1359b19d6f27,manufacturing.gmbh,available,36.43,36.43,high,low,13,spaceship,,,01/10/2026 02:43
74d9f8a5-7459-4682-a173-8c14ab3a7c1f,manufacturing.us,resell,,,high,low,13,DomainSpot LLC,24/04/2002 14:01,23/04/2027 23:59,01/10/2026 02:43
0d8dec11-d8bc-4beb-86c9-282354f0d7af,manufacturing.prof,premium,89.2,97.68,high,low,13,unstoppable,,,01/10/2026 02:43
d7675270-0c99-4cfe-8744-2d9610a5f7ba,manufacturing.nyc,premium,51.95,26.08,high,low,13,spaceship,,,01/10/2026 02:43
30eae60a-a28a-40f1-9af8-8f61091988ee,manufacturing.rip,available,18.2,18.2,high,low,13,cloudflare,,,01/10/2026 02:43
07d9017b-f7cd-4213-b780-ec45f87b5bbd,manufacturing.claims,available,17.99,64.99,high,low,13,namesilo,,,01/10/2026 02:43
5effb6e8-5516-45f2-96b5-6a7dbfd1d159,manufacturing.gratis,available,18.2,18.2,high,low,13,cloudflare,,,01/10/2026 02:43
0e91d240-1b09-4949-80e5-ea47fda4258f,manufacturing.tienda,available,5.57,49.44,high,low,13,dynadot,,,01/10/2026 02:43
61d61d3e-b287-475e-8046-344b6b928fe6,manufacturing.productions,premium,118.8,118.8,high,low,13,namesilo,,,01/10/2026 02:43
e02a2271-c83f-4da4-8739-49b24f3aa56c,manufacturing.deals,available,39.99,39.99,high,low,13,namesilo,,,01/10/2026 02:43
d9f3f787-4630-4e92-8175-8618216a5b2f,manufacturing.makeup,available,1.8,21.98,high,low,13,namecheap,,,01/10/2026 02:43
60e4d8d3-0ff5-4b86-9032-d63181924dea,manufacturing.lifestyle,available,1.24,31.25,high,low,13,spaceship,,,01/10/2026 02:43
3e06321e-76b8-45e2-bba8-f5b233008236,manufacturing.limited,available,29.18,29.18,high,low,13,spaceship,,,01/10/2026 02:43
f8ab674f-4910-424a-8ded-52cb59a50e83,manufacturing.cat,available,18.83,25.04,high,low,13,spaceship,,,01/10/2026 02:43
e463f3c7-62f6-4e48-b39a-6a3c66b78bb0,manufacturing.rsvp,premium,61.27,61.27,high,low,13,spaceship,,,01/10/2026 02:43
83c50f78-57c1-445b-aeaf-d882753faba7,manufacturing.sh,available,34.98,76.98,high,low,13,namecheap,,,01/10/2026 02:43
92a299f5-0bdd-4fb8-aed2-a79b5c3ac568,manufacturing.meme,premium,65,65,high,low,13,namecheap,,,01/10/2026 02:43
4f753c43-1c52-454d-84c9-dcb9ed2c3a51,manufacturing.wedding,available,26.08,26.08,high,low,13,spaceship,,,01/10/2026 02:43
dd64f520-4e24-476f-989e-9e38cd083529,manufacturing.fast,premium,53.92,53.92,high,low,13,namesilo,,,01/10/2026 02:43
797eae7d-7e7f-4adc-97b1-5db3f5766ce1,manufacturing.clothing,premium,118.8,118.8,high,low,13,namesilo,,,01/10/2026 02:43
5fdb4a12-a871-4330-b149-5db5bf6c9069,manufacturing.lgbt,available,10.55,64.37,high,low,13,spaceship,,,01/10/2026 02:43
9f167d1d-cfb7-42af-a5b8-5c3091c0eeb6,manufacturing.wine,available,9.99,59.99,high,low,13,namesilo,,,01/10/2026 02:43
c16eab0a-c454-481a-b037-4d6634ab25bb,manufacturing.voting,available,978.6,978.6,high,low,13,dynadot,,,01/10/2026 02:43
8fc36917-bd7b-48b5-9e55-5ef6cd9fd0d9,manufacturing.condos,available,46.78,46.78,high,low,13,spaceship,,,01/10/2026 02:43
42cb15f9-06a8-4d79-be64-533ac79244cb,manufacturing.insure,available,72.99,72.99,high,low,13,namesilo,,,01/10/2026 02:43
b564c633-b90b-4ad4-8286-92c27dcb9338,manufacturing.gay,available,38.99,38.99,high,low,13,namesilo,,,01/10/2026 02:43
3118a1bb-7a46-4e40-873f-ede1f27db978,production.space,premium,325,1300,high,low,10,namecheap,,,19/09/2026 18:56
548179ff-fd5d-45d7-973b-45374fd88b10,manufacturing.market,premium,512,512,high,low,13,namesilo,,,01/10/2026 02:43
9f9a8435-143a-4c20-b85d-c8b50f56da47,manufacturing.cooking,available,32.49,32.49,high,low,13,namesilo,,,01/10/2026 02:43
9c273c76-6add-4197-8ebd-e4a5458faebf,manufacturing.vc,resell,,,high,low,13,Dynadot Inc,03/03/2025 08:35,03/03/2027 08:35,01/10/2026 02:43
2703e1dd-f015-412d-b58a-834d2987ea3f,manufacturing.ninja,available,15.99,30.99,high,low,13,namesilo,,,01/10/2026 02:43
a554d41b-6449-4f1d-ab2f-7669b29e9195,manufacturing.supplies,available,24.99,24.99,high,low,13,namesilo,,,01/10/2026 02:43
fca55e3d-45ed-49d2-bb5d-941e3523a8c4,manufacturing.phd,premium,92.32,92.32,high,low,13,spaceship,,,01/10/2026 02:43
b43d04c3-ab26-4add-b9e8-130bceff752d,manufacturing.construction,available,30.2,30.2,high,low,13,cloudflare,,,01/10/2026 02:43
d5ba7aea-ee50-4d0b-bb85-09ac73a392be,manufacturing.discount,available,30.99,30.99,high,low,13,namesilo,,,01/10/2026 02:43
b9596740-1382-4978-a078-3293b4fe4a16,manufacturing.menu,available,27.99,27.99,high,low,13,namesilo,,,01/10/2026 02:43
5afe08d6-9045-49d2-a2ea-f6a5ed29d7a9,manufacturing.car,available,2140.22,2140.22,high,low,13,dynadot,,,01/10/2026 02:43
8831819d-fb4c-4602-b35f-cd643a085f45,manufacturing.ski,available,27.99,64.99,high,low,13,namesilo,,,01/10/2026 02:43
a47dca4f-4df1-43ec-900c-03e6ccef0954,manufacturing.vin,available,6.41,47.81,high,low,13,spaceship,,,01/10/2026 02:43
d8af5427-d307-4c52-81a5-8288ee1b7977,manufacturing.barcelona,available,25.04,25.04,high,low,13,spaceship,,,01/10/2026 02:43
9e5f9b3e-54f8-455c-9e8a-079ec496546e,manufacturing.bayern,available,34.99,34.99,high,low,13,namesilo,,,01/10/2026 02:43
054f800a-561e-4afd-b2d1-0320c9bf3411,manufacturing.army,available,17.48,48.98,high,low,13,namecheap,,,01/10/2026 02:43
88e8492c-0dc4-43d4-ae14-d083a0ce869d,manufacturing.voto,available,26.5,86.98,high,low,13,unstoppable,,,01/10/2026 02:43
73383b4b-8326-4a86-bd6b-f1d07b200bd6,manufacturing.top,resell,,,high,low,13,"Spaceship, Inc.",04/07/2025 22:07,04/07/2027 22:07,01/10/2026 02:43
6a3cac07-e28a-487f-b648-3423d40b7c94,manufacturing.industries,premium,118.8,118.8,high,low,13,namesilo,,,01/10/2026 02:43
087bd358-46da-426d-81a4-22f656bbb02a,manufacturing.pw,premium,130,130,high,low,13,namecheap,,,01/10/2026 02:43
67e00ff5-51b9-499c-bd24-45e1f5a971fa,production.engineer,premium,1300,1300,high,low,10,namecheap,,,19/09/2026 18:56
e4a6ff47-4458-442a-bf5c-da76616d6cdf,manufacturing.spot,premium,103.7,103.7,high,low,13,spaceship,,,01/10/2026 02:43
040811dd-6979-4198-aa4b-da0a4d89cc93,production.technology,resell,,,high,low,10,Dynadot Inc,21/11/2017 23:34,21/11/2026 23:34,26/09/2026 08:21
90e77642-e5ad-4aef-874e-a851a49edaa2,manufacturing.hockey,available,8.24,47.89,high,low,13,porkbun,,,01/10/2026 02:43
61841ae1-db27-4f7c-9718-14489d88c55b,manufacturing.fitness,available,8.99,41.99,high,low,13,namesilo,,,01/10/2026 02:43
50ca0851-8abe-4993-acd1-e6e01e9e2e86,factory.equipment,available,28.99,28.99,high,low,7,namesilo,,,25/09/2026 22:41
725d7aa9-6ad5-402d-ae0f-adbfdeaf3083,manufacturing.haus,available,13.5,27.11,high,low,13,unstoppable,,,01/10/2026 02:43
142434bf-5ef2-4e13-bfa1-29875dbf6106,manufacturing.builders,available,35.99,35.99,high,low,13,namesilo,,,01/10/2026 02:43
c0811f6c-1c87-4416-a2de-8e0468a204e5,manufacturing.giving,available,7.48,35.98,high,low,13,namecheap,,,01/10/2026 02:43
a1c7bcf6-6a3e-4f90-aaf8-5e0eaf416926,manufacturing.storage,available,465.95,500.2,high,low,13,spaceship,,,01/10/2026 02:43
38da9f30-0e05-474d-b169-e3fea17a9f94,manufacturing.mobile,premium,621.2,621.2,high,low,13,spaceship,,,01/10/2026 02:43
8cdf29ce-43fa-48dc-aeae-8b1e33adc44f,manufacturing.inc,premium,1705,2060.21,high,low,13,dynadot,,,01/10/2026 02:43
63b09891-ad83-406f-8e09-63d30c0743af,manufacturing.graphics,available,23.99,23.99,high,low,13,namesilo,,,01/10/2026 02:43
d015a756-71ff-4aae-8d7e-112c4d16dcb6,manufacturing.monster,available,1.99,17.29,high,low,13,namesilo,,,01/10/2026 02:43
1d708732-18ed-4c3a-a9c0-0f0eb9c5062b,manufacturing.foo,premium,30.22,30.22,high,low,13,spaceship,,,01/10/2026 02:43
c3652219-f853-462a-a560-4efc60d0ada1,manufacturing.hair,available,1.99,17.29,high,low,13,namesilo,,,01/10/2026 02:43
3c97c084-332d-4bde-99ca-34f32a928620,manufacturing.new,available,412.2,412.2,high,low,13,spaceship,,,01/10/2026 02:43
36a589da-3bc0-4bc6-81fc-f9a0bf3a1cd6,manufacturing.estate,available,15.99,38.99,high,low,13,namesilo,,,01/10/2026 02:43
eaa05cf8-4234-4c2f-8c04-89786cf4ae87,production.inc,premium,2015,2600,high,low,10,namecheap,,,19/09/2026 18:56
96f186cf-ae88-416b-bf64-52ca0a97a45f,manufacturing.game,available,279.65,341.75,high,low,13,spaceship,,,01/10/2026 02:43
04598b7c-270e-423c-a122-f35561b33179,manufacturing.domains,available,33.2,33.2,high,low,13,cloudflare,,,01/10/2026 02:43
c563e3b4-2e3f-4f1c-ac53-1b1890e3df2a,manufacturing.quest,available,1.99,17.29,high,low,13,namesilo,,,01/10/2026 02:43
21be808b-f094-414a-8c02-1fb6c54739b3,manufacturing.football,available,25.99,25.99,high,low,13,namesilo,,,01/10/2026 02:43
5c64511d-163d-4549-babf-b59d048a4377,manufacturing.dad,premium,76.7,76.7,high,low,13,namecheap,,,01/10/2026 02:43
5e5b1b1d-7f4b-4740-bac5-7a6fbe8747ff,production.garden,available,1.98,43.98,high,low,10,namecheap,,,19/09/2026 18:56
720430d8-9268-4a0f-83e6-47f9501ed27e,manufacturing.ong,available,16.72,16.72,high,low,13,dynadot,,,01/10/2026 02:43
64d24940-cdf3-4159-acd4-007bf0637e22,manufacturing.properties,available,30.2,30.2,high,low,13,cloudflare,,,01/10/2026 02:43
9a44cd65-4551-4368-9222-dc7dccb902ac,manufacturing.shoes,available,64.99,64.99,high,low,13,namesilo,,,01/10/2026 02:43
9bb0b1db-6c8b-4d82-b4da-ce4194236f0b,manufacturing.codes,available,8.5,57.13,high,low,13,unstoppable,,,01/10/2026 02:43
614613b7-710c-44c5-a6cc-ec10a105b325,manufacturing.memorial,available,52.99,52.99,high,low,13,namesilo,,,01/10/2026 02:43
06247f08-318c-4519-9f87-476edb2ea0fd,manufacturing.archi,available,13.14,83,high,low,13,spaceship,,,01/10/2026 02:43
940eb48c-5921-49ce-81b4-5e0a9e31477a,production.work,premium,975,13,high,low,10,namecheap,,,19/09/2026 18:56
5d05884f-86b4-4351-9cac-c528cdedf19b,production.digital,resell,,,high,low,10,Cronon GmbH,10/09/2014 16:00,10/09/2027 16:00,26/09/2026 08:21
e0652cbb-dcff-454a-8235-29c567154150,manufacturing.green,available,62.2,62.2,high,low,13,cloudflare,,,01/10/2026 02:43
1bbe6823-40dd-4085-9873-9256dae41ceb,manufacturing.cleaning,available,75.49,75.49,high,low,13,namesilo,,,01/10/2026 02:43
8f19dad6-0e8d-4d2a-8cc1-6e7179dafaad,manufacturing.life,resell,,,high,low,13,Xin Net Technology Corporation,22/03/2023 17:03,22/03/2027 17:03,01/10/2026 02:43
c3328026-1759-42ec-b667-35b9e06cc584,manufacturing.singles,available,3.31,27.11,high,low,13,spaceship,,,01/10/2026 02:43
0504106d-1dc6-496b-a255-f7254e6e0a6d,manufacturing.camera,available,58.99,58.99,high,low,13,namesilo,,,01/10/2026 02:43
1492b5a7-91f8-4cf8-a1c8-0504ce8d41dd,manufacturing.reisen,available,21.98,28.98,high,low,13,namecheap,,,01/10/2026 02:43
b9737d45-79c7-44b5-a7a4-fa0cc72e2560,manufacturing.yoga,available,26.26,26.26,high,low,13,porkbun,,,01/10/2026 02:43
03b90922-b85d-463e-954b-eb10e474dcfa,manufacturing.cash,available,12,31.25,high,low,13,unstoppable,,,01/10/2026 02:43
4cfe6822-8512-46e1-b647-2d0a3f310a02,manufacturing.bingo,available,42.64,42.64,high,low,13,spaceship,,,01/10/2026 02:43
8da6a6ef-65a1-457c-8894-d857ff581c00,production.bot,premium,650,650,high,low,10,namecheap,,,19/09/2026 18:56
c46f1517-67e6-43f9-8cf4-901c5f02a1e5,manufacturing.christmas,available,30.2,30.2,high,low,13,cloudflare,,,01/10/2026 02:43
8b1a61c4-158c-49e0-ae36-87289bb25838,manufacturing.reise,available,27.89,97.99,high,low,13,namesilo,,,01/10/2026 02:43
ec1f5a67-1c4c-499a-b342-a7466b9ac8a5,production.software,premium,3250,3250,high,low,10,namecheap,,,19/09/2026 18:56
22ebf3f2-e904-40ff-b218-3d4c8bf85e67,manufacturing.surf,available,2.19,32.49,high,low,13,namesilo,,,01/10/2026 02:43
c9b771d0-6aad-4e7c-9342-884b01057548,manufacturing.dance,available,9.52,21.94,high,low,13,spaceship,,,01/10/2026 02:43
633fbe3c-e818-4186-bc3b-cef03b088d76,manufacturing.boo,premium,76.7,76.7,high,low,13,namecheap,,,01/10/2026 02:43
ca7f075f-e76d-41d9-ad15-7e617ae57246,manufacturing.software,premium,520,520,high,low,13,namecheap,,,01/10/2026 02:43
73288533-bd7d-4147-8c51-3637d9293331,manufacturing.tv,resell,,,high,low,13,Dynadot Inc,11/02/2016 03:14,11/02/2028 03:14,01/10/2026 02:43
52c39658-1891-4aa2-b395-19e043560904,manufacturing.family,premium,60.5,71.4,high,low,13,unstoppable,,,01/10/2026 02:43
4db31b8a-b12f-451d-bd9b-90ca57c70162,manufacturing.bet,available,20.2,20.2,high,low,13,cloudflare,,,01/10/2026 02:43
73303b87-94d1-47cd-8ac1-6d006c97fd78,production.actor,available,9.48,54.98,high,low,10,namecheap,,,19/09/2026 18:56
ea83a46e-c7ea-4ca7-b3c5-58ee8c4e0a18,manufacturing.ac,available,45,45,high,low,13,cloudflare,,,01/10/2026 02:43
ffec0cdd-355e-4a12-8283-b74a9e7e34dd,manufacturing.consulting,premium,242,242,high,low,13,namesilo,,,01/10/2026 02:43
8d50666b-9567-4cb4-8e1c-8753d82ad759,manufacturing.garden,available,2.19,32.49,high,low,13,namesilo,,,01/10/2026 02:43
dbad6f90-982b-4d10-bd24-6a432b648e64,manufacturing.charity,available,6.41,22.39,high,low,13,spaceship,,,01/10/2026 02:43
47c9f787-2c40-4c1e-acea-bc3c52bc0e98,production.style,available,7.98,49.98,high,low,10,namecheap,,,19/09/2026 18:56
0aa46e1e-1872-40e2-90cb-3249210534a7,manufacturing.chat,resell,,,high,low,13,"Sav.com, LLC - 26",04/02/2026 15:16,04/02/2027 15:16,01/10/2026 02:43
62c564df-b5a1-4c44-a4cf-0d51f6d16bb7,factory.zone,resell,,,high,low,7,"DNSPod, Inc.",04/01/2020 09:27,04/01/2027 09:27,26/09/2026 05:59
16f96f5a-2ac3-4d8b-b5c8-92d9d5d3c120,manufacturing.cricket,available,25.98,31.98,high,low,13,namecheap,,,01/10/2026 02:43
a6177bda-7a22-4675-9722-8d8dfef90a0b,manufacturing.reviews,premium,128.7,128.7,high,low,13,namecheap,,,01/10/2026 02:43
df257b4b-7dad-4978-bda1-b6654fbc3042,manufacturing.church,available,13.5,58.99,high,low,13,unstoppable,,,01/10/2026 02:43
8672661f-b131-4186-a024-f26d0e4fc42c,manufacturing.kaufen,available,29.98,33.58,high,low,13,namecheap,,,01/10/2026 02:43
ede3d55e-bd0c-43fc-864b-9a5170791a9b,production.contractors,available,36.98,39.98,high,low,10,namecheap,,,19/09/2026 18:56
569bfe5e-3de4-4185-bba8-80ef251031eb,manufacturing.shop,premium,3450,3450,high,low,13,namesilo,,,01/10/2026 02:43
4cb80fd6-230c-497a-adcd-45501418c7c5,manufacturing.blue,available,13.98,32.98,high,low,13,namecheap,,,01/10/2026 02:43
df44da80-4033-4a75-8928-545b7ae40dec,production.schule,available,29.98,32.98,high,low,10,namecheap,,,19/09/2026 18:56
f431424b-6f6a-49f3-86dc-4fe0565923cd,manufacturing.maison,available,57.99,57.99,high,low,13,namesilo,,,01/10/2026 02:43
1a5cedce-29bd-4aeb-9f67-395eb123f459,production.fashion,available,33.98,45.98,high,low,10,namecheap,,,19/09/2026 18:56
d33009e2-f8dc-4619-bdd3-255c5b36e046,manufacturing.date,premium,130,32.5,high,low,13,namecheap,,,01/10/2026 02:43
bab75123-726e-4430-aa0b-4f2947877e25,manufactur.ing,premium,1300.2,1690,high,low,13,unstoppable,,,01/10/2026 02:43
2e9dcf29-3ca4-45bc-974a-15db662dbe4e,production.sarl,available,6.98,8.98,high,low,10,namecheap,,,19/09/2026 18:56
b76c0641-5d18-49a0-a5d4-a86343e1e18b,manufacturing.build,premium,1552.7,1552.7,high,low,13,spaceship,,,01/10/2026 02:43
b3e1245d-b967-4257-b33e-07ef318eb42a,production.motorcycles,available,1.8,21.98,high,low,10,namecheap,,,19/09/2026 18:56
5849f75d-b3de-4c79-97ec-2afe3f9cc801,manufacturing.win,available,5.98,9.98,high,low,13,namecheap,,,01/10/2026 02:43
a72f72c8-f5b4-431e-9fd0-7047f82425c6,production.theater,available,67.98,80.98,high,low,10,namecheap,,,19/09/2026 18:56
a015ec6c-1ddd-4e81-987a-ef74b952ce6a,production.guitars,available,108.98,159.98,high,low,10,namecheap,,,19/09/2026 18:56
e5656556-6681-414c-8f4a-643169cb07da,manufacturing.foundation,available,6.41,22.39,high,low,13,spaceship,,,01/10/2026 02:43
44fe9968-9ab4-4434-9603-c9c1ab76f834,manufacturing.place,available,22.49,22.49,high,low,13,namesilo,,,01/10/2026 02:43
1fc161be-646b-474d-9a6b-87f5c3112152,manufacturing.community,available,35.2,35.2,high,low,13,cloudflare,,,01/10/2026 02:43
146baea1-6cf0-4936-8fb8-ef0857fc976b,production.construction,available,40.98,50.98,high,low,10,namecheap,,,19/09/2026 18:56
fd5be0b2-f8b0-4387-a370-2bb9cc6515d9,manufacturing.art,premium,26.96,76.94,high,low,13,porkbun,,,01/10/2026 02:43
e463f28d-618f-4d74-81ed-54e85cf1e003,production.bz,available,21.98,26.98,high,low,10,namecheap,,,19/09/2026 18:56
166b0528-bb83-4d6a-98a8-69783cc6ae99,production.watch,available,3.48,56.98,high,low,10,namecheap,,,19/09/2026 18:56
948e9e17-883a-4b67-89d8-120b3b53aa64,manufacturing.town,available,8.99,36.49,high,low,13,namesilo,,,01/10/2026 02:43
dde61eb3-dfb7-46ec-9109-215806d1ff6c,manufacturing.voyage,available,45.2,45.2,high,low,13,cloudflare,,,01/10/2026 02:43
e484af51-4d25-485c-af40-8441f903b34b,manufacturing.paris,available,66.98,66.98,high,low,13,namecheap,,,01/10/2026 02:43
44f1e372-2668-4051-8233-4f56e76f349b,production.webcam,available,12.98,17.98,high,low,10,namecheap,,,19/09/2026 18:56
157dfbef-27a3-49ec-9e4a-aa91b3c9ce42,production.rich,available,94.99,1999,high,low,10,namesilo,,,19/09/2026 18:56
cdf41d83-e376-4c61-a445-0fba448737f8,production.love,available,4.98,38.98,high,low,10,namecheap,,,19/09/2026 18:56
b8efacc0-bab5-479d-8d81-972952251111,manufacturing.glass,available,56.2,56.2,high,low,13,cloudflare,,,01/10/2026 02:43
f8292bd0-0e5a-4654-b0c9-45b2eb485ff8,manufacturing.blog,premium,129.58,517.7,high,low,13,spaceship,,,01/10/2026 02:43
b2b32cbc-6f1e-4c04-a32e-d4973f4f5c2f,manufacturing.democrat,available,5.57,26.97,high,low,13,dynadot,,,01/10/2026 02:43
b7068440-7e75-442c-a7cf-aae6a4955ebc,manufacturing.rodeo,available,12.99,12.99,high,low,13,namesilo,,,01/10/2026 02:43
5d6cc946-2f8f-4b87-b47a-7dc0056ffb39,manufacturing.security,available,1863.2,2000.18,high,low,13,spaceship,,,01/10/2026 02:43
b1f776fe-707d-4e73-bd25-206c44b75374,manufacturing.finance,available,20.99,64.99,high,low,13,namesilo,,,01/10/2026 02:43
70ed98d4-8b52-4a2d-804b-c76f34ca9173,manufacturing.cfd,premium,59.71,119.23,high,low,13,spaceship,,,01/10/2026 02:43
842144c3-87c9-4f8b-b3fd-5321b3e6d82b,manufacturing.dog,available,7.49,64.99,high,low,13,namesilo,,,01/10/2026 02:43
d642eb4f-5ee3-4eae-803b-7ab026dbdbbb,manufacturing.gripe,available,6.99,6.99,high,low,13,namesilo,,,01/10/2026 02:43
7a9714f2-c3fe-47f2-9820-25fb37a7eda6,manufacturing.vodka,available,26.26,26.26,high,low,13,porkbun,,,01/10/2026 02:43
f433415c-0053-4e1c-8ed9-d5db8f0c4c9e,production.tv,resell,,,high,low,10,1API GmbH,18/03/2010 18:33,18/03/2027 18:33,26/09/2026 08:21
7b96a37f-2c61-4ccb-9f73-86340338e24f,manufacturing.press,available,66.56,66.56,high,low,13,dynadot,,,01/10/2026 02:43
a7586b99-642d-4c2e-910b-7cb9d857c968,manufacturing.guitars,available,108.98,159.98,high,low,13,namecheap,,,01/10/2026 02:43
0db45769-113c-4c64-a02a-82229add2353,manufacturing.toys,available,17,51.95,high,low,13,unstoppable,,,01/10/2026 02:43
1aef8ce8-4ff1-43da-9193-ea29c2be4d96,manufacturing.osaka,available,26.97,26.97,high,low,13,dynadot,,,01/10/2026 02:43
f8536a5e-c189-4e87-bfb7-79f1a6aca7a4,manufacturing.ooo,premium,54.98,22.21,high,low,13,dynadot,,,01/10/2026 02:43
764e1f19-3efe-4ed2-87aa-2980d5f36099,manufacturing.bike,available,12.99,38.99,high,low,13,namesilo,,,01/10/2026 02:43
b62167db-639d-40ec-8e66-155e53f7638e,manufacturing.sale,premium,102.67,102.67,high,low,13,spaceship,,,01/10/2026 02:43
fed35ac1-f44b-4d06-8dd0-8b0a3af5f660,factory.mov,premium,323.7,323.7,high,low,7,namecheap,,,25/09/2026 22:41
66501a1b-9ceb-40de-b5e5-42b423b28471,manufacturing.tools,premium,78.54,78.54,high,low,13,namesilo,,,01/10/2026 02:43
1f0c871b-9b87-4b5a-bf70-077b19aebc58,manufacturing.bargains,available,17.99,26.49,high,low,13,namesilo,,,01/10/2026 02:43
a01349d2-953a-48a7-a5eb-3dfc20bb3a82,production.airforce,available,109.98,134.98,high,low,10,namecheap,,,19/09/2026 18:56
09f2f99a-6804-4a08-912d-dc3db7f565a7,manufacturing.band,available,16.27,25.9,high,low,13,dynadot,,,01/10/2026 02:43
60da8f19-6d91-48d7-bfa7-b80fa77d479a,production.community,available,47.98,58.98,high,low,10,namecheap,,,19/09/2026 18:56
f862e169-1bba-4c77-8af6-416d8e48f878,manufacturing.lighting,available,18.83,18.83,high,low,13,spaceship,,,01/10/2026 02:43
4614aa6f-d5a5-432a-8296-169847321917,manufacturing.futbol,available,5.98,21.98,high,low,13,namecheap,,,01/10/2026 02:43
c29b6513-0d17-4152-a452-d75d0a25fd15,production.giving,available,7.48,35.98,high,low,10,namecheap,,,19/09/2026 18:56
a516d992-2198-4989-9511-09ea8ba13f1c,production.gift,available,20.98,23.98,high,low,10,namecheap,,,19/09/2026 18:56
f106053d-b069-4543-833f-340aa343369c,production.football,available,26.98,36.98,high,low,10,namecheap,,,19/09/2026 18:56
28debc65-dc79-40e1-ad33-4d6bf8c35660,manufacturing.qpon,available,2.05,9.66,high,low,13,porkbun,,,01/10/2026 02:43
cb3cc912-73be-4b6a-afe9-0cb2d14b4539,production.gallery,available,29.98,36.98,high,low,10,namecheap,,,19/09/2026 18:56
2bb5ff45-26bc-4142-b083-2f5e9ec0695e,manufacturing.dealer,premium,1604.45,2070.2,high,low,13,spaceship,,,01/10/2026 02:43
fe48b4de-3a08-48d4-bfd8-5bca9f76edd8,production.gmbh,available,47.98,56.98,high,low,10,namecheap,,,19/09/2026 18:56
caaf4bfa-9102-4ff3-8cad-9ab00e4864c4,manufacturing.so,available,68.98,,high,low,13,namecheap,,,
c3936cf5-8304-40ef-b004-b5d7421f9e0b,manufacturing.biz,resell,,,high,low,13,Sav.com LLC,16/08/2017 17:01,15/08/2027 23:59,01/10/2026 02:43
b9df6f4e-3c3d-4295-9552-f1db15c1fb8e,manufacturing.in,resell,,,high,low,13,"Dynadot, LLC",05/05/2026 13:22,05/05/2028 13:22,01/10/2026 02:43
8b1ee0ad-0a67-4172-acfb-4fdfd719f675,production.qpon,premium,3450,23.54,high,low,10,namesilo,,,19/09/2026 18:56
572cdd58-5dba-4d07-b2a7-35f06ae1dbe2,manufacturing.baby,available,17.99,54.99,high,low,13,namesilo,,,01/10/2026 02:43
4c13cc57-cb0e-418e-b541-a4f005c4cef3,manufacturing.observer,premium,11.8,11.8,high,low,13,namesilo,,,01/10/2026 02:43
4338eb0e-0c50-4665-bedf-c701dcbc4c38,manufacturing.airforce,available,82.9,82.9,high,low,13,porkbun,,,01/10/2026 02:43
f23cc35c-2823-4a42-a1f1-568c89ba2140,manufacturing.cool,available,9.49,44.99,high,low,13,namesilo,,,01/10/2026 02:43
ca92458c-76aa-46d6-b59d-34f5f77be7ef,manufacturing.financial,available,15.73,46.78,high,low,13,spaceship,,,01/10/2026 02:43
f868c29a-7a2e-4616-8782-2ef2a0eb42be,manufacturing.fish,available,44.49,44.49,high,low,13,namesilo,,,01/10/2026 02:43
634f8f30-1c30-4050-a09c-487872645c91,production.dad,premium,323.7,323.7,high,low,10,namecheap,,,19/09/2026 18:56
8d5f2469-3ec3-4d4f-89cc-34d61f043a22,production.dog,available,5.98,86.98,high,low,10,namecheap,,,19/09/2026 18:56
5abbb555-3384-44f2-b77b-2e01411525e1,manufacturing.video,premium,118.8,118.8,high,low,13,namesilo,,,01/10/2026 02:43
c16b38b9-618e-4f6c-9887-6a62cd21c8d3,production.you,premium,650,650,high,low,10,namecheap,,,19/09/2026 18:56
2f00f5e0-3903-43e5-b6f1-8dbd27804f4c,production.systems,resell,,,high,low,10,Dynadot Inc,08/07/2015 16:00,08/07/2027 16:00,26/09/2026 08:21
e5476718-6a45-40cc-9357-75fd32eabbca,manufacturing.adult,available,51.95,98.53,high,low,13,spaceship,,,01/10/2026 02:43
8ab8fc6a-654b-4cda-b8fe-b9de7547123e,production.rest,premium,81.9,117,high,low,10,namecheap,,,19/09/2026 18:56
a36b24ed-d0bc-4fa1-88d2-81dd83067493,production.sucks,premium,2728.7,2728.7,high,low,10,namecheap,,,19/09/2026 18:56
c026c338-8bf6-40ae-a112-01d78e57b9dd,factory.tech,premium,6900,6900,high,low,7,namesilo,,,25/09/2026 22:41
a3c82a0f-7e95-4ba7-a64a-2708cba616c3,manufacturing.moi,available,25.99,25.99,high,low,13,namesilo,,,01/10/2026 02:43
c30eebea-fd4b-4603-aff1-0e153bcc140d,production.furniture,available,23.98,127.98,high,low,10,namecheap,,,19/09/2026 18:56
ae61596f-ba49-4146-9ea5-c3b472e088fb,manufacturing.deal,premium,116,116,high,low,13,namesilo,,,01/10/2026 02:43
ba5ffeb2-65a9-4a72-b004-fe580ef5f507,manufacturing.accountants,available,117.99,117.99,high,low,13,namesilo,,,01/10/2026 02:43
5a3eafe1-f691-422a-9227-ccb4bbc7d7b0,manufacturing.melbourne,available,40.12,40.12,high,low,13,porkbun,,,01/10/2026 02:43
6a4cbfde-714e-4ffd-add4-40aa9a9e57a4,manufacturing.associates,available,11.59,31.25,high,low,13,spaceship,,,01/10/2026 02:43
609175a7-69da-4cc1-bf62-e585f730ff05,production.investments,available,6.98,166.98,high,low,10,namecheap,,,19/09/2026 18:56
1c097874-9175-4532-bc1c-af26ee47e56b,production.new,available,488.98,601.98,high,low,10,namecheap,,,19/09/2026 18:56
93b5f1b7-1ee6-42b5-ad83-bdd9be958c8e,manufacturing.travel,available,23.98,186.98,high,low,13,namecheap,,,01/10/2026 02:43
6a8e768b-0241-4ee1-88ac-6d4cc923f379,production.gay,available,2.98,50.98,high,low,10,namecheap,,,19/09/2026 18:56
aa8cbbf1-6f81-45ba-9b32-4ccf040ec3ff,manufacturing.cars,available,1863.2,2064.2,high,low,13,spaceship,,,01/10/2026 02:43
1b93ee82-38de-4443-b6af-52ddbdf7ce0d,manufacturing.restaurant,available,20,64.99,high,low,13,unstoppable,,,01/10/2026 02:43
e2ca2d57-d07c-4051-bb15-a6bd7edbee3f,manufacturing.holdings,available,64.99,64.99,high,low,13,namesilo,,,01/10/2026 02:43
6d008020-6854-4143-a30d-1e4a592e5fe6,production.enterprises,available,9.48,47.98,high,low,10,namecheap,,,19/09/2026 18:56
2e9f37a4-f521-4d07-aed3-dd6bc22401f5,production.cam,available,2.98,22.98,high,low,10,namecheap,,,19/09/2026 18:56
6a9c2fcd-3956-4544-b7d6-d10c54dc75ce,manufacturing.miami,premium,96,21.24,high,low,13,namesilo,,,01/10/2026 02:43
3e1aed43-3163-4037-8867-f196dbe011e5,manufacturing.capital,available,8.98,89.98,high,low,13,namecheap,,,01/10/2026 02:43
73c5b0d1-b493-4b58-bcaf-738edb9101ed,production.boo,premium,323.7,323.7,high,low,10,namecheap,,,19/09/2026 18:56
abbdfa36-9e8b-4a55-819c-81fa69164a0a,manufacturing.florist,available,25.2,25.2,high,low,13,cloudflare,,,01/10/2026 02:43
201cf9ae-703f-48bd-9a88-78e4a631b118,manufacturing.loan,available,4.61,5.64,high,low,13,porkbun,,,01/10/2026 02:43
3aa4d669-4aa4-4f8f-a29f-f0518a4874eb,manufacturing.audio,available,104.99,114.99,high,low,13,namesilo,,,01/10/2026 02:43
92cc09ec-ba54-4bf0-b0e3-d72dd8f7e446,production.wine,available,8.48,75.98,high,low,10,namecheap,,,19/09/2026 18:56
924dc567-6705-420f-b84c-a03ccb338e6f,manufacturing.party,available,4.32,5.35,high,low,13,spaceship,,,01/10/2026 02:43
1abaa6d4-f27b-43e7-a237-d3dd04dce586,manufacturing.fan,available,43.67,43.67,high,low,13,spaceship,,,01/10/2026 02:43
5872c11f-f881-4e21-93d4-f8cf47311e71,production.loans,available,17.48,144.98,high,low,10,namecheap,,,19/09/2026 18:56
3cd102e6-151e-4fd4-87d4-8f025d5605e7,manufacturing.movie,available,36.43,279.65,high,low,13,spaceship,,,01/10/2026 02:43
1953291a-dd0b-41d9-8659-0b80494b6f18,factory.cloud,premium,1107,1107,high,low,7,namesilo,,,25/09/2026 22:41
1204734f-e336-4c90-ba72-f569bc9cd3ab,manufacturing.attorney,available,48.2,48.2,high,low,13,cloudflare,,,01/10/2026 02:43
a9f15157-e08f-4074-b018-7140e1bbc6b9,production.movie,available,40.98,446.98,high,low,10,namecheap,,,19/09/2026 18:56
b33b6c0c-3b7f-428d-971c-5c45664c4386,manufacturing.investments,premium,102.67,102.67,high,low,13,spaceship,,,01/10/2026 02:43
ee524374-daa5-4ae7-9a10-7279cbc18746,factory.contractors,resell,,,high,low,7,Porkbun LLC,30/05/2026 00:24,30/05/2027 00:24,26/09/2026 05:59
91053430-f373-493e-8288-18ab9058309c,production.kiwi,available,31.98,35.68,high,low,10,namecheap,,,19/09/2026 18:56
b2055caa-e3e4-475e-84af-d32be614757b,production.ing,premium,845,845,high,low,10,namecheap,,,19/09/2026 18:56
3daed92f-7324-4039-9a7c-837d6317d44e,production.creditcard,available,156.98,168.98,high,low,10,namecheap,,,19/09/2026 18:56
8ceba2ab-19ec-445a-96f1-a77d66f3d6c7,factory.holdings,available,64.99,64.99,high,low,7,namesilo,,,25/09/2026 22:41
64efec02-4c87-452a-9d39-0432ab3339f2,manufacturing.college,available,17.99,59.99,high,low,13,namesilo,,,01/10/2026 02:43
3c01ad8c-2b4d-4641-b070-d10f3e92a49f,manufacturing.soy,premium,53.3,53.3,high,low,13,namecheap,,,01/10/2026 02:43
9093c957-fad9-4097-991d-c41b8df918ce,production.parts,available,10.48,45.98,high,low,10,namecheap,,,19/09/2026 18:56
fbe4aaa2-8bad-4fa0-9b73-5f217d8a0bb6,production.mobile,premium,390,390,high,low,10,namecheap,,,19/09/2026 18:56
95207080-7455-4991-9d3c-c89c44637c80,manufacturing.health,resell,,,high,low,13,Dynadot Inc,03/07/2026 17:38,03/07/2027 17:38,01/10/2026 02:43
9b35508e-e7ae-4179-af80-7e16478c8631,manufacturing.accountant,premium,517.7,67.48,high,low,13,spaceship,,,01/10/2026 02:43
160a8ccf-5d23-4545-bb72-d8bb0878c941,production.codes,available,3.98,92.98,high,low,10,namecheap,,,19/09/2026 18:56
64a73d44-52c6-4dd7-9c63-a8b63be8645b,production.kaufen,available,29.98,33.58,high,low,10,namecheap,,,19/09/2026 18:56
3f3ba130-b6c5-4e8c-9508-1d7554ae7663,manufacturing.name,available,7.27,7.27,high,low,13,dynadot,,,01/10/2026 02:43
470f0d48-3358-4526-8365-174df2e30e9d,factory.us,resell,,,high,low,7,"GoDaddy.com, LLC",24/04/2002 14:29,23/04/2027 23:59,26/09/2026 05:59
612af659-5389-4b96-a833-e340dad095eb,manufacturing.marketing,resell,,,high,low,13,Dynadot Inc,22/01/2026 17:00,22/01/2027 17:00,01/10/2026 02:43
aad7aa20-82a4-4614-8a09-277cbfecb461,production.toys,available,14.98,82.48,high,low,10,namecheap,,,19/09/2026 18:56
4d2cb990-383a-4ed8-a967-d207e162a69b,manufacturing.flowers,available,64.99,114.99,high,low,13,namesilo,,,01/10/2026 02:43
80938935-8840-46fe-804d-dcc4705a5359,production.locker,premium,1300,39,high,low,10,namecheap,,,19/09/2026 18:56
06db12da-6c8b-45df-92e2-b745326cbc75,manufacturing.social,available,9.99,41.49,high,low,13,namesilo,,,01/10/2026 02:43
163ba402-f96e-4645-a268-cf31bee48852,production.law,available,105.98,130.98,high,low,10,namecheap,,,19/09/2026 18:56
18952fca-c9db-4487-ba43-ca02cfdf2d16,manufacturing.trade,available,4.48,5.55,high,low,13,dynadot,,,01/10/2026 02:43
7a37fc11-1abf-4c7f-ba63-7e4141992408,manufacturing.photo,available,29.99,29.99,high,low,13,namesilo,,,01/10/2026 02:43
fd85db7e-39e1-4ca6-baf6-97d6d2cca63e,manufacturing.hiphop,available,21.62,21.62,high,low,13,dynadot,,,01/10/2026 02:43
08b3b5d0-7d7c-4bc0-b2f4-6b2b9e3c6326,manufacturing.organic,available,17.99,85.99,high,low,13,namesilo,,,01/10/2026 02:43
035b434a-67a8-43cb-be1f-9ed5d0ae4763,production.engineering,resell,,,high,low,10,Dynadot Inc,21/11/2017 23:32,21/11/2026 23:32,26/09/2026 08:21
8ebfd3e1-fc08-48f2-abe4-7d4b2f1c2e3f,manufacturing.cv,available,9.99,9.99,high,low,13,namesilo,,,01/10/2026 02:43
b199da1b-35ad-4a0b-b63e-6767efb145d3,industrial.equipment,premium,512,512,high,low,10,namesilo,,,04/10/2026 13:56
ab6ddb48-d5c3-4869-a9aa-9cd5d4949a77,manufacturing.contractors,available,28.15,28.15,high,low,13,spaceship,,,01/10/2026 02:43
cf42f326-081c-44bb-b965-0443e441ec94,manufacturing.kitchen,available,8.98,83.98,high,low,13,namecheap,,,01/10/2026 02:43
f2679b25-c597-4de6-a8f2-77398f633d41,manufacturing.bz,available,21.98,26.98,high,low,13,namecheap,,,01/10/2026 02:43
be9a370f-085a-4874-80df-d6ea6071aed5,production.menu,available,34.98,38.98,high,low,10,namecheap,,,19/09/2026 18:56
7996b825-cfcd-4bfe-bd5c-db5e1dbac5c1,manufacturing.uno,premium,,,high,low,13,,,,01/10/2026 02:43
7a833e4b-6527-4753-98a8-ecd42a8501be,manufacturing.vegas,premium,242,119.94,high,low,13,namesilo,,,01/10/2026 02:43
461a4471-dee9-440a-bfb6-719e5dbfb9b0,manufacturing.id,resell,,,high,low,13,PT Core Mediatech,09/03/2016 17:28,09/03/2027 23:59,01/10/2026 02:43
2db3212b-3ff2-44c8-83ef-f1421f634c64,production.golf,available,6.98,83.98,high,low,10,namecheap,,,19/09/2026 18:56
8721bf3f-d4c6-485c-baaa-bbb57d7980e5,production.video,premium,1625,3250,high,low,10,namecheap,,,19/09/2026 18:56
ac05986d-0fe1-4d5b-b5cf-789029482be1,production.site,premium,812.5,3250,high,low,10,namecheap,,,19/09/2026 18:56
9df504ce-bc95-4984-a0e5-40156962bd28,production.school,available,38.48,49.98,high,low,10,namecheap,,,19/09/2026 18:56
3348f3c6-8ef1-4890-91a3-59f3f8ea2b03,manufacturing.protection,available,2060.25,2060.25,high,low,13,porkbun,,,01/10/2026 02:43
a7ef2a7d-1fda-4b8c-a81b-d18a16e4d8a4,manufacturing.mom,available,1.99,26.97,high,low,13,dynadot,,,01/10/2026 02:43
8c9e8c2e-58f1-4439-99e5-8b35624b2deb,manufacturing.villas,available,46.2,46.2,high,low,13,cloudflare,,,01/10/2026 02:43
f447a937-cba0-49c9-9dc7-c31259831919,production.cleaning,available,79.98,94.98,high,low,10,namecheap,,,19/09/2026 18:56
60404416-2461-40d7-ac5f-aa82e3cdaca0,manufacturing.school,available,29.18,29.18,high,low,13,spaceship,,,01/10/2026 02:43
b5e57ca5-6f62-49f5-a462-f7a895430096,production.cx,available,19.98,26.98,high,low,10,namecheap,,,19/09/2026 18:56
8c2075b2-1686-4d1f-ab06-01e5a20311e6,production.soccer,available,27.48,29.48,high,low,10,namecheap,,,19/09/2026 18:56
65e7ca5a-71c8-4dbb-9f41-56f6848da070,production.prof,premium,427.7,427.7,high,low,10,namecheap,,,19/09/2026 18:56
90bdea1a-3bee-4e6e-af9e-8905ff14c657,manufacturing.buzz,premium,109.69,55.11,high,low,13,porkbun,,,01/10/2026 02:43
70140668-8b6c-46f7-99f7-a63907bde7a8,production.jetzt,available,24.48,30.48,high,low,10,namecheap,,,19/09/2026 18:56
48f8d4c2-058d-4d07-8542-a9309be6edf1,production.auto,available,2070,2950,high,low,10,namecheap,,,19/09/2026 18:56
6b290e21-90e2-48ee-adae-f9fc4c215359,production.yoga,available,33.98,45.98,high,low,10,namecheap,,,19/09/2026 18:56
4adf0e8a-b43b-4845-a809-cfaf784f11b1,manufacturing.motorcycles,available,1.24,13.97,high,low,13,spaceship,,,01/10/2026 02:43
ac1104f6-cf81-4fb5-82e4-efdf8e9f42b7,production.coupons,available,2.98,59.98,high,low,10,namecheap,,,19/09/2026 18:56
e3a41eea-8daa-443e-8656-a76665cfac42,manufacturing.tires,available,5.99,78.99,high,low,13,namesilo,,,01/10/2026 02:43
f7f13b53-1c78-4a9d-a695-a5746a097752,manufacturing.vacations,available,5.57,32.21,high,low,13,dynadot,,,01/10/2026 02:43
0cce05d3-47c6-4b9f-995d-bb280c9f4801,manufacturing.country,available,2064.2,2064.2,high,low,13,spaceship,,,01/10/2026 02:43
b8278c6a-0f39-48c6-8258-d86f6fe95cf0,manufacturing.pub,available,32.29,32.29,high,low,13,spaceship,,,01/10/2026 02:43
7b078156-6bda-4308-942b-00794f02bcb7,production.guru,resell,,,high,low,10,"GoDaddy.com, LLC",05/02/2014 16:00,05/02/2027 16:00,26/09/2026 08:21
ea111f34-2471-4f38-9660-9132212e2f9b,manufacturing.tattoo,available,34.99,34.99,high,low,13,namesilo,,,01/10/2026 02:43
1095e144-be5d-4980-a171-25be47d385c0,production.fitness,available,3.48,54.98,high,low,10,namecheap,,,19/09/2026 18:56
087bcefb-537a-415e-9bb8-363a35b08a2c,factory.condos,available,61.98,72.98,high,low,7,namecheap,,,25/09/2026 22:41
34f020d1-4ca0-4990-973d-c08cc706b82d,manufacturing.study,premium,53.92,53.92,high,low,13,namesilo,,,01/10/2026 02:43
c6cf06c4-9d76-49f3-afae-7a44c4b42504,production.holdings,available,67.98,81.98,high,low,10,namecheap,,,19/09/2026 18:56
19910678-f1b9-4a37-ba46-9f7c37f6fade,factory.diamonds,premium,512,512,high,low,7,namesilo,,,25/09/2026 22:41
bd595e9a-c952-49b8-8361-92058254ccfb,production.nexus,premium,76.7,76.7,high,low,10,namecheap,,,19/09/2026 18:56
af6c74de-eb31-447a-bc8c-a8f595f3b0d6,manufacturing.furniture,available,21.59,85.01,high,low,13,dynadot,,,01/10/2026 02:43
80b7787a-2a89-451a-8124-dd6689b6b662,production.dentist,premium,260,260,high,low,10,namecheap,,,19/09/2026 18:56
b47f609d-ce8a-4047-9e37-fb9d9de29869,manufacturing.kiwi,available,31.98,35.68,high,low,13,namecheap,,,01/10/2026 02:43
d6159d93-3189-494a-9af5-9ef1dd841cba,factory.show,resell,,,high,low,7,"DNSPod, Inc.",16/01/2024 15:15,16/01/2027 15:15,26/09/2026 05:59
dc26a4e9-c824-4cae-82f9-804c022e5511,manufacturing.cx,available,18.99,18.99,high,low,13,namesilo,,,01/10/2026 02:43
e57e1716-031c-41d0-a592-89ae5e123baf,factory.guitars,available,104.99,114.99,high,low,7,namesilo,,,25/09/2026 22:41
e566041d-8e20-4ece-a869-3cddeb376d32,production.buzz,premium,130,65,high,low,10,namecheap,,,19/09/2026 18:56
8388adca-63e3-4e6a-9f45-ba84b365ea54,production.auction,available,38.98,46.98,high,low,10,namecheap,,,19/09/2026 18:56
5d92d21d-c501-4b13-8fc7-275dfb2a99cf,manufacturing.xyz,premium,1107,1107,high,low,13,namesilo,,,01/10/2026 02:43
f5532b4e-89d4-46da-90fd-cb1f7ee7a47a,production.voyage,available,61.98,73.98,high,low,10,namecheap,,,19/09/2026 18:56
7c753537-dd41-435b-aae7-8991ceb45523,manufacturing.trading,available,16.2,16.2,high,low,13,cloudflare,,,01/10/2026 02:43
ab717f57-0a36-47ac-80c8-85a418165986,manufacturing.org,resell,,,high,low,13,"GoDaddy.com, LLC",15/10/2003 15:11,15/10/2035 15:11,01/10/2026 02:43
312126e8-bbe8-4f33-a11f-007d998bf13f,production.srl,premium,54.28,30.68,high,low,10,namesilo,,,19/09/2026 18:56
0e122a99-9451-4ba2-a3d8-2f5970fbf040,manufacturing.cc,resell,,,high,low,13,Dynadot Inc,02/12/2004 12:34,02/12/2026 12:34,01/10/2026 02:43
ddaddb26-e534-462d-b829-23ce6359bb46,factory.technology,resell,,,high,low,7,"Spaceship, Inc.",05/04/2026 18:29,05/04/2027 18:29,26/09/2026 05:59
a80177a9-aaa0-4ec5-9629-260cc06833c6,manufacturing.zip,premium,30.22,30.22,high,low,13,spaceship,,,01/10/2026 02:43
2f23cc0b-3d7d-44db-8df2-434f24c92ad1,production.quest,available,1.8,21.98,high,low,10,namecheap,,,19/09/2026 18:56
b45d876b-8e51-438a-82fd-a40dd1115f8b,factory.productions,premium,78.54,78.54,high,low,7,namesilo,,,25/09/2026 22:41
8371e796-3013-4f22-8641-dd4a38089371,manufacturing.review,premium,130,32.5,high,low,13,namecheap,,,01/10/2026 02:43
4d992dd9-471c-4ddc-a2cf-2784c464b4ec,factory.study,premium,53.92,53.92,high,low,7,namesilo,,,25/09/2026 22:41
12bf923e-af0e-4f3b-979f-eddf359dbbf2,manufacturing.navy,available,33.32,33.32,high,low,13,spaceship,,,01/10/2026 02:43
0a942165-bf1c-4e4b-b13b-fd6b0340c140,production.attorney,available,65.98,76.98,high,low,10,namecheap,,,19/09/2026 18:56
9f4a8825-fa52-46b7-888a-3f8cccb03d5f,manufacturing.cyou,premium,68.43,147.2,high,low,13,namesilo,,,01/10/2026 02:43
26855980-cb26-4c03-b503-5da9c80523ff,manufacturing.house,available,15.2,36.6,high,low,13,dynadot,,,01/10/2026 02:43
fdb150e4-8d3a-4f09-9d93-c9b62a0b63c4,production.financial,available,17.48,66.98,high,low,10,namecheap,,,19/09/2026 18:56
0771a9e7-5c38-48fe-ad42-aa5daf23c2cc,production.accountant,premium,650,84.5,high,low,10,namecheap,,,19/09/2026 18:56
a7a365a7-87ca-48d2-b493-bf25b9a5c1f1,production.baby,available,1.8,81.98,high,low,10,namecheap,,,19/09/2026 18:56
471d053e-d68f-4a53-8db8-0a88d3be4fb7,production.dating,available,12.98,86.98,high,low,10,namecheap,,,19/09/2026 18:56
4469c6a3-0166-4530-9cf3-59f057d5fc6c,manufacturing.services,premium,512,512,high,low,13,namesilo,,,01/10/2026 02:43
3ef99329-6156-4ac9-8512-4db0fc12e994,production.diet,available,108.98,159.98,high,low,10,namecheap,,,19/09/2026 18:56
b713198c-7434-44ff-80f7-c7d105a002f0,manufacturing.salon,available,45.74,45.74,high,low,13,spaceship,,,01/10/2026 02:43
a20094d1-bf40-4b1a-80aa-35fce3bd6f28,factory.vet,available,41.99,41.99,high,low,7,namesilo,,,25/09/2026 22:41
7f7029b1-dd1f-4455-9703-3b0f0691d3dd,manufacturing.love,available,8.78,23.76,high,low,13,dynadot,,,01/10/2026 02:43
4dd652e1-d4c1-4b55-85f2-f2f1ecc8784e,manufacturing.earth,available,18.99,18.99,high,low,13,namesilo,,,01/10/2026 02:43
f808d701-21cf-45c6-bcf1-65c8f1165ee8,factory.tattoo,available,34.99,34.99,high,low,7,namesilo,,,25/09/2026 22:41
c241c802-478d-4e86-8f49-d4ee14f84ff2,manufacturing.wtf,available,7.49,36.49,high,low,13,namesilo,,,01/10/2026 02:43
62284e22-1dc4-4302-88f1-55a5a25b6165,production.band,available,17.48,39.98,high,low,10,namecheap,,,19/09/2026 18:56
16a0abb5-797f-410f-a875-3c6dcc501881,manufacturing.dentist,available,51.95,51.95,high,low,13,spaceship,,,01/10/2026 02:43
cffbf2c4-ba80-416e-94dc-b497a28f735f,production.trade,resell,,,high,low,10,Dynadot Inc,20/06/2021 02:20,20/06/2027 02:20,26/09/2026 08:21
ff45745e-d0d7-4284-a297-f1b94eaa6796,production.miami,available,24.98,30.98,high,low,10,namecheap,,,19/09/2026 18:56
f74d24d7-ee19-4eba-880f-28dfd9410b42,manufacturing.golf,available,6.41,51.95,high,low,13,spaceship,,,01/10/2026 02:43
0f1b5c58-6393-4024-9f36-ae1f3241244c,production.melbourne,premium,185.12,185.12,high,low,10,namecheap,,,19/09/2026 18:56
565745c3-b476-41e1-9194-ae86aa758812,production.builders,available,34.98,43.98,high,low,10,namecheap,,,19/09/2026 18:56
e0b8c7ff-55b6-4793-8a1b-db3b8ca8ecc8,factory.yoga,available,33.98,45.98,high,low,7,namecheap,,,25/09/2026 22:41
a5b014ca-1e55-4bfd-b191-a295336b6ba8,factory.bayern,available,34.99,34.99,high,low,7,namesilo,,,25/09/2026 22:41
3d5334d9-74fe-475d-8457-5ab777f065c8,factory.city,resell,,,high,low,7,"Global Domains International, Inc. DBA DomainCostClub.com",30/06/2026 15:15,30/06/2027 15:15,26/09/2026 05:59
428d4433-139c-4621-bcfb-29437e9cd610,factory.movie,available,47.99,349.99,high,low,7,namesilo,,,25/09/2026 22:41
6635c6f5-29c6-496d-b866-43a645fd8bd9,factory.site,premium,3450,3450,high,low,7,namesilo,,,25/09/2026 22:41
b85cb87b-27f7-4482-8f5b-0971bceacf3c,manufacturing.style,available,16.99,38.99,high,low,13,namesilo,,,01/10/2026 02:43
ed79dd28-4fe0-4b46-a409-71e5b2961d7e,manufacturing.diamonds,available,54.99,54.99,high,low,13,namesilo,,,01/10/2026 02:43
a1b4473c-65c2-4ca3-9469-6bcbc4b7848c,factory.shopping,resell,,,high,low,7,"Chengdu West Dimension Digital Technology Co., Ltd.",01/04/2021 22:58,01/04/2027 22:58,26/09/2026 05:59
20f02d04-0b95-429b-a478-49d232fcc5e3,factory.navy,available,41.99,41.99,high,low,7,namesilo,,,25/09/2026 22:41
ed95069c-bd9f-448b-88f5-128403320c2c,manufacturing.vet,available,32.2,32.2,high,low,13,cloudflare,,,01/10/2026 02:43
e83a4e84-5a13-4113-957b-8b0721e2ec29,factory.hosting,available,309.99,429.99,high,low,7,namesilo,,,25/09/2026 22:41
26fc4bf9-a66c-4b74-9b52-1905929a6235,production.coffee,available,6.98,47.98,high,low,10,namecheap,,,19/09/2026 18:56
d28de34f-8f95-4ac2-b77a-7f6ee3df4899,production.sale,resell,,,high,low,10,"DNSPod, Inc.",07/05/2025 15:15,07/05/2027 15:15,26/09/2026 08:21
036ebe56-f48f-4720-93af-aeeaf1063181,factory.business,resell,,,high,low,7,"Spaceship, Inc.",24/05/2024 17:00,24/05/2027 17:00,26/09/2026 05:59
2e24806b-8581-4ced-a156-0938d62091ba,manufacturing.dental,available,62.3,62.3,high,low,13,spaceship,,,01/10/2026 02:43
c6881c5b-1e8c-4a09-95d2-de2998e20a36,production.theatre,available,538.98,620,high,low,10,namecheap,,,19/09/2026 18:56
334f597f-d709-4c53-9322-3b3a2faf8432,manufacturing.management,available,20.9,20.9,high,low,13,spaceship,,,01/10/2026 02:43
b7462c45-5ef3-479d-8b1f-2ea6d16fc47c,production.hockey,available,62.98,72.98,high,low,10,namecheap,,,19/09/2026 18:56
e574260b-7076-4016-b11b-7d9da37323c0,production.sbs,premium,74.75,149.5,high,low,10,namecheap,,,19/09/2026 18:56
e3db6042-dc78-4f02-a4f1-91d68583e287,production.vet,available,43.98,52.98,high,low,10,namecheap,,,19/09/2026 18:56
37b63f88-e365-4f19-9942-8f6cab69046b,factory.page,premium,318.72,318.72,high,low,7,namesilo,,,25/09/2026 22:41
67cb86ac-726d-46c0-a2a4-61bb5cfd67bb,manufacturing.computer,available,17.8,31.25,high,low,13,spaceship,,,01/10/2026 02:43
7ca9f1d9-3a86-4899-b747-cafa0a76180d,factory.creditcard,available,156.98,168.98,high,low,7,namecheap,,,25/09/2026 22:41
09dc3170-bff0-4014-93ed-b0023ff418e0,production.tienda,available,62.98,74.98,high,low,10,namecheap,,,19/09/2026 18:56
5cac4e14-5b6d-4e71-bb8d-2deede4dad0f,production.army,available,17.48,48.98,high,low,10,namecheap,,,19/09/2026 18:56
389e3a59-d187-47e7-94bd-501ad26c9fbb,factory.security,available,1999.99,2049.99,high,low,7,namesilo,,,25/09/2026 22:41
ac54416a-321c-4bc6-9043-7b2988140199,factory.review,premium,1107,116,high,low,7,namesilo,,,25/09/2026 22:41
e58bbe02-e89a-4cc2-8a1a-1887c88705ac,manufacturing.rentals,available,34.2,34.2,high,low,13,cloudflare,,,01/10/2026 02:43
28af5f9a-e9d4-4e18-895e-a282679c4af9,factory.viajes,available,37.99,37.99,high,low,7,namesilo,,,25/09/2026 22:41
fb6f064d-3acb-40b2-a5e6-730d6e09b7bc,production.immobilien,available,39.98,43.98,high,low,10,namecheap,,,19/09/2026 18:56
d3e1d503-8329-42cf-8e29-ee05a534c7aa,manufacturing.skin,available,1.8,21.98,high,low,13,namecheap,,,01/10/2026 02:43
d0c1cc23-ca68-4ec7-9fe4-adc4b37ec075,production.insure,resell,,,high,low,10,"GoDaddy.com, LLC",10/09/2014 16:22,10/09/2027 16:22,26/09/2026 08:21
7c9c2ada-9381-406d-86de-8b260d875584,factory.country,available,2298,2450,high,low,7,namecheap,,,25/09/2026 22:41
6891ba7a-da8e-4f97-a480-4d980ab85006,production.juegos,available,368.98,478.98,high,low,10,namecheap,,,19/09/2026 18:56
a24eaf58-44d1-4100-a299-3b6e166ab0ae,manufacturing.cheap,available,8.99,36.49,high,low,13,namesilo,,,01/10/2026 02:43
a6904af2-2472-4330-bf33-ed04e03beb11,manufacturing.moe,available,13.99,13.99,high,low,13,namesilo,,,01/10/2026 02:43
a1442ec6-8a54-4b29-adc4-3cd1c7c0f68d,production.country,available,2298,2450,high,low,10,namecheap,,,19/09/2026 18:56
9ecc600d-2794-4771-8417-99bb7bb17ec0,manufacturing.hiv,available,195.99,195.99,high,low,13,namesilo,,,01/10/2026 02:43
1da7e29e-972f-4558-a14c-22ca6a6ef6cc,production.foo,premium,76.7,76.7,high,low,10,namecheap,,,19/09/2026 18:56
0e09ad92-f1a4-4a57-a37a-abb8d859d4de,manufacturing.bar,available,3.49,54.99,high,low,13,namesilo,,,01/10/2026 02:43
142b4f45-394d-4722-8cc6-f59403593d18,production.gratis,available,24.98,31.98,high,low,10,namecheap,,,19/09/2026 18:56
07092a2b-54bf-49ec-ad46-380689ff89ea,factory.channel,premium,323.7,323.7,high,low,7,namecheap,,,25/09/2026 22:41
136a0397-38be-4bfd-814d-7e8278648f33,manufacturing.download,available,4.61,5.64,high,low,13,porkbun,,,01/10/2026 02:43
a97b5204-db38-47ec-8d79-9fa8f2d45df6,production.fail,available,40.98,50.98,high,low,10,namecheap,,,19/09/2026 18:56
a450dc15-7f3c-4b71-a3a4-5a701a0631ce,factory.diet,available,108.98,159.98,high,low,7,namecheap,,,25/09/2026 22:41
1e15139a-7938-4c84-b334-732a947f6e07,manufacturing.xxx,available,51.95,98.53,high,low,13,spaceship,,,01/10/2026 02:43
ce6dcc1d-48d7-4199-9c27-71d0956e9092,factory.immobilien,available,37.99,37.99,high,low,7,namesilo,,,25/09/2026 22:41
99199234-be85-41f6-a783-b6a3913520c0,production.taxi,available,8.98,69.98,high,low,10,namecheap,,,19/09/2026 18:56
8ec15881-09be-41a0-8263-91737a1370e3,factory.archi,available,19.99,103.99,high,low,7,namesilo,,,25/09/2026 22:41
1b919c3c-ea9f-4e09-a48d-02c25c0ce09d,production.protection,available,2070,2950,high,low,10,namecheap,,,19/09/2026 18:56
4f529e08-05b5-4dd2-abaf-b6913eca9a40,manufacturing.immo,available,8.24,28.32,high,low,13,porkbun,,,01/10/2026 02:43
509b8be0-15eb-4641-bd38-bb66f20eac7f,factory.photography,resell,,,high,low,7,"GoDaddy.com, LLC",05/12/2023 16:23,05/12/2026 16:23,26/09/2026 05:59
3291a056-9cc5-4632-8ca1-9dac6ad673c6,manufacturing.viajes,available,35.18,35.18,high,low,13,spaceship,,,01/10/2026 02:43
d220d9cf-b46c-4bf5-b353-805791a6c4b4,production.group,resell,,,high,low,10,"Chengdu West Dimension Digital Technology Co., Ltd.",24/08/2018 08:26,24/08/2027 08:26,26/09/2026 08:21
e8c3a261-0472-491d-8c8a-f6c7fba93f75,production.exposed,available,22.98,28.98,high,low,10,namecheap,,,19/09/2026 18:56
9432fea7-561f-4581-8ff3-cd10f81a2481,production.tours,available,5.98,81.98,high,low,10,namecheap,,,19/09/2026 18:56
bff7cad8-ffdd-4c7f-806f-515309246076,production.energy,resell,21.99,,high,low,10,"Spaceship, Inc.",24/04/2026 17:56,24/04/2027 17:56,26/09/2026 08:21
3becb7b8-c04f-40d7-9092-02242087f69d,production.mx,available,26.98,58.98,high,low,10,namecheap,,,19/09/2026 18:56
e9ad14f0-e3f0-4ddf-9c1d-6e7a5aade211,factory.holiday,available,64.99,64.99,high,low,7,namesilo,,,25/09/2026 22:41
c93b760e-f7ea-46d5-976f-c9bc59a9bb90,factory.accountant,premium,448,53.92,high,low,7,namesilo,,,25/09/2026 22:41
b70f9879-7d2e-4d69-b7f7-5c8d67cbc5c8,production.pizza,available,5.98,83.98,high,low,10,namecheap,,,19/09/2026 18:56
fdb8f086-1758-4d33-ba43-8fda4085b449,manufacturing.cards,available,40.98,48.98,high,low,13,namecheap,,,01/10/2026 02:43
73cf7a82-b641-467c-ae06-e01bbf096797,production.villas,available,62.98,74.98,high,low,10,namecheap,,,19/09/2026 18:56
5896bbc5-0ac7-472b-8622-59ace42a5748,manufacturing.promo,resell,,,high,low,13,IONOS SE,27/11/2025 23:28,27/11/2026 23:28,01/10/2026 02:43
345fc057-4b72-4f91-8b9f-ebb467ba1e95,factory.toys,available,17.99,64.99,high,low,7,namesilo,,,25/09/2026 22:41
31e07352-7ccc-4336-ae3e-cfa9b9d9ac2d,production.clothing,available,31.98,35.68,high,low,10,namecheap,,,19/09/2026 18:56
17c0ed7f-563a-4de8-b4fd-08cc367e60d7,production.camp,available,65.98,78.98,high,low,10,namecheap,,,19/09/2026 18:56
4f36cd23-fb4f-4d93-b3b3-eacac4852162,factory.pw,premium,302.5,302.5,high,low,7,namesilo,,,25/09/2026 22:41
2d04dd3b-92d4-427e-9dc3-672db94e0062,production.onl,available,3.48,28.98,high,low,10,namecheap,,,19/09/2026 18:56
a84910a8-3e68-488e-8521-cb84ff45da46,production.cruises,available,54.98,68.98,high,low,10,namecheap,,,19/09/2026 18:56
667050f0-a4a6-42f0-87e9-9eaa2ca1d3cb,factory.gripe,available,6.99,6.99,high,low,7,namesilo,,,25/09/2026 22:41
d9349f3a-7015-42c3-9589-aa1ea6815d9f,production.discount,available,29.98,39.98,high,low,10,namecheap,,,19/09/2026 18:56
1faae82e-480c-4539-a042-3b9887e81991,manufacturing.vip,premium,6900,17.7,high,low,13,namesilo,,,01/10/2026 02:43
ded13f1e-283c-4391-ab53-4ff771204512,factory.vacations,available,38.99,38.99,high,low,7,namesilo,,,25/09/2026 22:41
85ac84de-32ff-4280-af53-07ed9f1dc7e0,factory.deals,resell,,,high,low,7,"Sav.com, LLC",18/03/2026 15:54,18/03/2027 15:54,26/09/2026 05:59
da7d3ab0-c557-442d-b86c-4ece74daf12a,production.gifts,available,38.48,47.48,high,low,10,namecheap,,,19/09/2026 18:56
529aed4c-453c-46c1-9898-dbd8fa08dc9b,production.partners,premium,520,520,high,low,10,namecheap,,,19/09/2026 18:56
5779eb73-07e7-4ebe-8996-f7f1b946b610,manufacturing.mortgage,premium,220,220,high,low,13,dynadot,,,01/10/2026 02:43
080f1f26-9e45-4e3a-b19a-9c171d41d3bd,manufacturing.how,available,27,20.2,high,low,13,unstoppable,,,01/10/2026 02:43
79e23324-51cf-47e6-b5d5-1d56ae398a7c,production.limo,available,57.98,68.98,high,low,10,namecheap,,,19/09/2026 18:56
9f79c8f1-6144-45b0-b2f9-54b4a4e3286c,production.cc,resell,,,high,low,10,"GoDaddy.com, LLC",25/01/2006 11:01,25/01/2027 11:01,26/09/2026 08:21
25e0fb50-5bcc-4dab-ba3f-bb78d36a4e10,manufacturing.fund,available,14.99,71.99,high,low,13,namesilo,,,01/10/2026 02:43
11985375-f7a9-4051-8bec-56551686f5b7,manufacturing.you,premium,51.95,51.95,high,low,13,spaceship,,,01/10/2026 02:43
e3fad087-b445-4938-b678-f81d421608d0,factory.ltd,resell,,,high,low,7,"Sav.com, LLC - 3",20/09/2026 15:15,20/09/2027 15:15,26/09/2026 05:59
f6aad591-4ea9-41bb-ba2f-0ceddc5314ec,production.mov,premium,76.7,76.7,high,low,10,namecheap,,,19/09/2026 18:56
729dbd79-d03f-42d2-92ae-14cc267f2717,production.best,resell,,,high,low,10,"Sav.com, LLC",13/09/2025 16:42,13/09/2027 23:59,26/09/2026 08:21
d622bc89-5748-446c-9ff1-bead8c632478,manufacturing.digital,resell,,,high,low,13,"Sav.com, LLC - 29",29/01/2026 15:15,29/01/2027 15:15,01/10/2026 02:43
b4ea1c1a-9a4f-4e2e-8133-5c1dca43b0c2,manufacturing.republican,available,7.49,28.99,high,low,13,namesilo,,,01/10/2026 02:43
10d4960b-9914-4f6d-b1a9-9d2d5b877822,manufacturing.sex,available,95.2,95.2,high,low,13,cloudflare,,,01/10/2026 02:43
c8846b50-94e8-4947-abfb-ad2f964f2f4c,factory.degree,available,52.99,52.99,high,low,7,namesilo,,,25/09/2026 22:41
f3473c4e-aa46-4392-9da2-bb1f5d1142c1,manufacturing.education,available,34.99,34.99,high,low,13,namesilo,,,01/10/2026 02:43
c5220a54-61ec-42b7-8b9f-b2a5a7a0efa6,production.wedding,available,33.98,43.98,high,low,10,namecheap,,,19/09/2026 18:56
4b62006f-9019-4fd0-a29a-7354a2013a7f,factory.moe,available,13.99,13.99,high,low,7,namesilo,,,25/09/2026 22:41
938033a5-527f-41ce-99bc-20ffcfff86b2,factory.kiwi,available,31.98,35.68,high,low,7,namecheap,,,25/09/2026 22:41
5c670b8c-69c2-44ab-a205-bc25a9e7f610,industrial.media,resell,,,high,low,10,"Chengdu West Dimension Digital Technology Co., Ltd.",02/04/2023 15:15,02/04/2027 15:15,04/10/2026 13:56
de12172c-28d9-4a92-b218-47c50983f459,production.sexy,available,2998,3298,high,low,10,namecheap,,,19/09/2026 18:56
1e947224-717e-47da-828b-25d35497817c,production.photo,premium,130,130,high,low,10,namecheap,,,19/09/2026 18:56
dfbdb039-dbfd-4fe1-8bad-6df3ba34b4d4,factory.bot,premium,3250,3250,high,low,7,namecheap,,,25/09/2026 22:41
7d1aae32-c3cd-4ccb-b5fe-444875422889,factory.email,resell,,,high,low,7,"DNSPod, Inc.",13/03/2024 19:06,13/03/2027 19:06,26/09/2026 05:59
8f0a870c-645d-4087-af62-bf75f575b900,manufacturing.tips,available,8.24,25.9,high,low,13,dynadot,,,01/10/2026 02:43
d0a31825-dbee-434c-9f8f-542f1ed8f6c5,manufacturing.tennis,available,51.95,51.95,high,low,13,spaceship,,,01/10/2026 02:43
434a0ae2-a5fc-445d-8302-35ff5e42c3a9,manufacturing.rich,available,94.99,1999,high,low,13,namesilo,,,01/10/2026 02:43
faf649ed-f904-4d4f-985e-850bf722b539,factory.plus,resell,,,high,low,7,"Chengdu West Dimension Digital Technology Co., Ltd.",18/03/2017 14:36,18/03/2027 14:36,26/09/2026 05:59
f4c59082-0346-4d1a-a765-a66a8987d421,production.review,premium,3250,130,high,low,10,namecheap,,,19/09/2026 18:56
f7cc7b3b-e0e6-4ed8-896d-4dc6b98ea5fd,manufacturing.stream,available,5.25,6.25,high,low,13,namesilo,,,01/10/2026 02:43
df40d345-7581-4065-a250-7c1f4eeb0552,production.catering,premium,128.7,128.7,high,low,10,namecheap,,,19/09/2026 18:56
c634840a-57ec-47f0-9176-2b519ad93afd,production.doctor,resell,,,high,low,10,"GoDaddy.com, LLC",02/04/2019 14:12,02/04/2027 14:12,26/09/2026 08:21
1ea87143-0744-478f-8961-1cc421a29b25,manufacturing.fm,premium,253.5,110.5,high,low,13,namecheap,,,01/10/2026 02:43
ff542680-8c85-43a1-9016-85180a743861,manufacturing.now,resell,,,high,low,13,Dynadot Inc,13/04/2025 10:40,13/04/2027 10:40,01/10/2026 02:43
45a08266-e1fa-4fcc-a148-04badf406038,manufacturing.catering,available,31.25,31.25,high,low,13,spaceship,,,01/10/2026 02:43
9a168d33-38ad-46d6-afcf-5723c6f3c853,production.shopping,available,29.98,37.98,high,low,10,namecheap,,,19/09/2026 18:56
044fc0d0-7d2e-4a4a-89d0-8d645b75f101,manufacturing.actor,available,8.48,35.39,high,low,13,spaceship,,,01/10/2026 02:43
4d8e6183-3e2d-4845-b427-a45c41e0c027,factory.furniture,premium,520,520,high,low,7,namecheap,,,25/09/2026 22:41
db405651-535b-4810-b2de-656d73ebe286,manufacturing.tickets,available,359.99,488.88,high,low,13,namesilo,,,01/10/2026 02:43
da38127b-ca95-4106-a13a-349e9c1d61ed,factory.fund,resell,,,high,low,7,"Xiamen ChinaSource Internet Service Co., Ltd",13/04/2018 08:23,13/04/2027 08:23,26/09/2026 05:59
6cfbe6aa-1a2c-4972-b1fb-fb4fd2060ddf,production.industries,premium,260,260,high,low,10,namecheap,,,19/09/2026 18:56
079c9d71-4d4f-46dc-ba4d-0cb486a11cd6,production.restaurant,available,11.98,81.98,high,low,10,namecheap,,,19/09/2026 18:56
fcde91f8-c139-4127-8691-42c89821d9ea,manufacturing.photography,available,14.49,36.49,high,low,13,namesilo,,,01/10/2026 02:43
acbac8f6-6aa4-4b0a-a315-2a1e0e7843af,factory.cyou,premium,68.43,147.2,high,low,7,namesilo,,,25/09/2026 22:41
cad07789-03a4-4f7e-a39b-d1d66dd1b584,manufacturing.lease,available,8.24,46.23,high,low,13,dynadot,,,01/10/2026 02:43
bd4716e0-fa55-4b13-8c21-be5cd1bebb57,factory.works,resell,,,high,low,7,"Spaceship, Inc.",10/01/2021 12:07,10/01/2027 12:07,26/09/2026 05:59
83f7dc57-54c4-4b0f-b5c8-b96950c3aaef,factory.stream,premium,1107,116,high,low,7,namesilo,,,25/09/2026 22:41
fc4e0afd-501b-4a1f-ae22-aa142a564961,production.rehab,available,38.48,47.48,high,low,10,namecheap,,,19/09/2026 18:56
3b9803aa-12f4-4aa8-a306-fd3fa6d3b99e,factory.apartments,available,57.99,57.99,high,low,7,namesilo,,,25/09/2026 22:41
845856a0-e484-4388-a86b-c2934945462d,manufacturing.page,premium,64.93,64.93,high,low,13,porkbun,,,01/10/2026 02:43
ae9c325d-f596-4e27-a3d7-dca4e88b6d0d,manufacturing.fail,available,31.25,31.25,high,low,13,spaceship,,,01/10/2026 02:43
f2d5800e-0207-4478-b906-adfca37f3a19,manufacturing.ryukyu,available,17.98,22.98,high,low,13,namecheap,,,01/10/2026 02:43
95ba8a88-d57c-4c7e-8d3c-cb162dc82488,production.show,available,15.98,47.98,high,low,10,namecheap,,,19/09/2026 18:56
e0ac1225-be03-4a13-8f83-d59f64b3410e,production.makeup,available,1.8,21.98,high,low,10,namecheap,,,19/09/2026 18:56
5dbf071c-a9ea-473d-a9e9-a6e0ff16bb13,manufacturing.exposed,available,17.8,17.8,high,low,13,spaceship,,,01/10/2026 02:43
c9d8dbd6-365d-4227-9ef6-b3c308e307d9,production.racing,premium,130,130,high,low,10,namecheap,,,19/09/2026 18:56
9983a3a3-f87c-4680-8936-1192474822d1,manufacturing.camp,available,62.99,62.99,high,low,13,namesilo,,,01/10/2026 02:43
57243c55-213d-44da-baf4-9a84a5df5bcc,factory.hamburg,available,69.98,73.98,high,low,7,namecheap,,,25/09/2026 22:41
13e8362b-f9f9-4348-adaf-2cada3a6f0fa,manufacturing.coupons,available,2.98,59.98,high,low,13,namecheap,,,01/10/2026 02:43
0f3287cb-98d1-4de7-b0ee-7a4553f17c52,production.cheap,available,5.98,49.98,high,low,10,namecheap,,,19/09/2026 18:56
514ec4ea-1779-4a65-9d4c-b95bc94f6b37,production.car,available,2070,2400,high,low,10,namecheap,,,19/09/2026 18:56
7b0ef3d8-7db4-43dc-a4f7-13c851ba6c4b,factory.wine,available,9.99,59.99,high,low,7,namesilo,,,25/09/2026 22:41
a202ef35-33ac-4fa1-bd09-e3eff8d03850,production.vision,resell,,,high,low,10,"Sav.com, LLC",20/07/2026 19:53,20/07/2027 19:53,26/09/2026 08:21
e1c926c9-5b29-47a6-a079-eda58bc2bba1,factory.forex,premium,1300,1300,high,low,7,namecheap,,,25/09/2026 22:41
9596a41a-938f-484a-8422-212837ad0b9d,factory.cheap,available,8.99,36.49,high,low,7,namesilo,,,25/09/2026 22:41
43dbc091-38b6-4dd1-8627-c2e2428511ca,manufacturing.plumbing,available,8.24,60.14,high,low,13,dynadot,,,01/10/2026 02:43
2b74fa80-bb47-42f8-b0c2-02bb83eb9f79,production.boats,available,1.8,21.98,high,low,10,namecheap,,,19/09/2026 18:56
ff82cbfe-ab8f-43f1-a475-ac2e03d4dc6f,manufacturing.flights,available,20.9,46.78,high,low,13,spaceship,,,01/10/2026 02:43
27fb2bbe-8107-42ea-860c-a01811dadcae,manufacturing.credit,available,6.69,82.9,high,low,13,porkbun,,,01/10/2026 02:43
a8a01e6e-cb1a-41a1-b1ca-26f2a998c1a2,manufacturing.cn,resell,,,high,low,13,Dynadot Inc,,,01/10/2026 02:43
c119ca54-6ff1-45b5-9aed-e4ad922db7e2,production.blackfriday,available,128.98,134.98,high,low,10,namecheap,,,19/09/2026 18:56
caddab54-1db0-4049-8ec4-ce7dbcfea268,production.realty,available,99.8,456.98,high,low,10,namecheap,,,19/09/2026 18:56
bb8f3c32-ed0e-47c9-896c-a8da221c51dd,manufacturing.jetzt,available,23.99,23.99,high,low,13,namesilo,,,01/10/2026 02:43
ec734ad6-e2a5-4454-ab22-1261e5d720ad,industrial.srl,premium,54.28,30.68,high,low,10,namesilo,,,04/10/2026 13:56
3c7fc7d9-90a7-4df0-ad51-fe45e5502ce3,production.vin,available,6.98,75.98,high,low,10,namecheap,,,19/09/2026 18:56
772d317c-b034-4fba-9e62-368951f4c8cc,production.tube,premium,1300,26,high,low,10,namecheap,,,19/09/2026 18:56
3b6c54b8-dc1a-4b74-ad30-86b81a4221d0,production.network,resell,,,high,low,10,Dynadot Inc,20/01/2026 17:00,20/01/2027 17:00,26/09/2026 08:21
69fd1805-9e3d-4794-9cd9-d37886bd725c,production.ltda,premium,66.3,66.3,high,low,10,namecheap,,,19/09/2026 18:56
5c5c8e6c-50bf-4b03-872f-6e9cb855fbfc,factory.bid,resell,,,high,low,7,Dynadot Inc,31/08/2019 12:10,31/08/2027 12:10,26/09/2026 05:59
a59f6be0-51bd-4701-8e49-db8f8c396230,production.ventures,available,5.98,75.98,high,low,10,namecheap,,,19/09/2026 18:56
8e793e12-6cf4-4eb2-ad4f-0116a8b4ae09,manufacturing.homes,resell,,,high,low,13,"Spaceship, Inc.",02/12/2025 05:33,02/12/2026 23:59,01/10/2026 02:43
7efd3a8e-2b58-4dca-ab51-af874c4fb05d,factory.boo,premium,323.7,323.7,high,low,7,namecheap,,,25/09/2026 22:41
fbc2fe3c-74f4-410b-9c94-c6c404ecf19d,factory.tel,premium,10.62,10.62,high,low,7,namesilo,,,25/09/2026 22:41
bdf56817-a158-42c0-89e3-7f49fc7b860a,production.works,resell,,,high,low,10,"Sav.com, LLC - 29",09/08/2026 15:15,09/08/2027 15:15,26/09/2026 08:21
58e11c6e-36de-44b5-a86b-595432691327,production.company,resell,,,high,low,10,Dynadot Inc,24/06/2015 16:00,24/06/2027 16:00,26/09/2026 08:21
80ebc438-ab1b-4c7a-856c-f930bc6b37cd,factory.memorial,available,54.98,64.98,high,low,7,namecheap,,,25/09/2026 22:41
40e445b6-c71f-499a-99a4-b1768b7739df,manufacturing.ag,available,82.5,82.5,high,low,13,dynadot,,,01/10/2026 02:43
0645a6cf-79e2-4664-99f1-9febfff2ec4c,factory.you,premium,53.92,53.92,high,low,7,namesilo,,,25/09/2026 22:41
8aa1e05e-d028-4311-9b71-697b45820a50,industrial.solutions,resell,,,high,low,10,"Spaceship, Inc.",26/03/2014 16:00,26/03/2027 16:00,04/10/2026 13:56
390e5850-81d3-43e4-a71c-0ce37e932e05,production.news,premium,130,260,high,low,10,namecheap,,,19/09/2026 18:56
d2a933c5-52df-46cd-8e9c-49eecac1df85,production.foundation,available,7.48,37.98,high,low,10,namecheap,,,19/09/2026 18:56
7e3990f3-5df7-4ce8-9e1e-f904c7e163bc,manufacturing.poker,available,10.99,67.99,high,low,13,namesilo,,,01/10/2026 02:43
8c9e48c8-cbf4-44dc-a470-a00147b479f0,production.associates,available,12.98,49.98,high,low,10,namecheap,,,19/09/2026 18:56
9d5b1c07-a2de-4dcc-b5c9-e76c4afd3753,factory.name,resell,,,high,low,7,Porkbun LLC,06/09/2023 20:40,06/09/2027 20:40,26/09/2026 05:59
4695eb35-9350-4a2a-a7bf-0a99eb2065d7,production.vc,resell,,,high,low,10,Dynadot Inc,03/03/2025 08:35,03/03/2027 08:35,26/09/2026 08:21
8be37fee-f3fd-420d-8c22-c8566d011fa1,industrial.productions,premium,66.5,72.6,high,low,10,unstoppable,,,04/10/2026 13:56
003f1908-ce72-44a3-bb5e-669e703571ce,production.loan,available,5.98,9.98,high,low,10,namecheap,,,19/09/2026 18:56
9815b5b1-5698-40ec-8367-d18099268a84,production.bayern,available,34.99,34.99,high,low,10,namesilo,,,19/09/2026 18:56
5ec6b0c2-f11d-495a-ac68-e86304db31a3,factory.observer,premium,29.5,29.5,high,low,7,namesilo,,,25/09/2026 22:41
e6666d9b-6353-4ea9-8c35-7d4c49b1b7ac,manufacturing.clinic,available,10.55,51.95,high,low,13,spaceship,,,01/10/2026 02:43
49d413ab-3d48-4fc2-ad34-859716cb9b94,manufacturing.fyi,resell,,,high,low,13,"GoDaddy.com, LLC",18/03/2026 15:31,18/03/2027 15:31,01/10/2026 02:43
f1d613ba-a4bc-4fbf-9b6b-80b611ffd34c,factory.airforce,available,109.98,134.98,high,low,7,namecheap,,,25/09/2026 22:41
3e27c116-2e5b-4b25-8381-37c7cb8927e5,factory.adult,available,69.98,166.98,high,low,7,namecheap,,,25/09/2026 22:41
e2481f82-a774-4770-b00d-8a4d6514f6f9,factory.sexy,available,2749.99,2749.99,high,low,7,namesilo,,,25/09/2026 22:41
522521b0-d174-4f87-9f9d-77c33f377ec3,factory.mobile,premium,780,780,high,low,7,namecheap,,,25/09/2026 22:41
27d48d09-e6ea-46cb-aa40-fe3d068524cb,manufacturing.gift,available,16.91,16.91,high,low,13,dynadot,,,01/10/2026 02:43
6d01009f-2056-4e57-9d3f-07d5d41cc91d,industrial.audio,available,100.2,100.2,high,low,10,cloudflare,,,04/10/2026 13:56
848a4f63-4ed9-4a23-8e8b-706e9b289b60,manufacturing.theater,available,65.99,65.99,high,low,13,namesilo,,,01/10/2026 02:43
b95f7dae-0161-4fbc-8a78-01472419eb14,manufacturing.fun,premium,1293.95,5175.2,high,low,13,spaceship,,,01/10/2026 02:43
ab626473-b58f-478a-aa6d-40c7bb7e4bc9,production.wiki,resell,,,high,low,10,"GoDaddy.com, LLC",15/05/2026 03:01,15/05/2027 03:01,26/09/2026 08:21
d01bc07b-2c5d-450c-b434-9b0ee77ffe4e,factory.poker,available,10.99,67.99,high,low,7,namesilo,,,25/09/2026 22:41
07314d4d-1316-4922-bef3-7758c2b86882,factory.financial,available,23.99,58.99,high,low,7,namesilo,,,25/09/2026 22:41
47a7a269-f5d3-4be9-9e8b-e2dfeae49549,factory.blog,premium,160,640,high,low,7,namesilo,,,25/09/2026 22:41
7987bd2d-b0c8-4dd9-9ffb-44352f116ccf,factory.jewelry,resell,,,high,low,7,"Sav.com, LLC",01/07/2026 18:31,01/07/2027 18:31,26/09/2026 05:59
5413db6c-9b78-420c-8fbf-b058fb051211,production.mba,available,11.98,49.98,high,low,10,namecheap,,,19/09/2026 18:56
9f9bfad0-854d-4f1a-8623-1ca2a0af5714,manufacturing.vote,available,20.9,72.65,high,low,13,spaceship,,,01/10/2026 02:43
83b52626-95e6-4c0c-bd34-667afdd0dda8,manufacturing.tours,available,10.99,61.99,high,low,13,namesilo,,,01/10/2026 02:43
2f01ca5d-783b-44f0-a9b3-640d700101f0,manufacturing.living,available,4.63,31.41,high,low,13,porkbun,,,01/10/2026 02:43
261ec1bf-09d8-478f-8d25-9c505e958e26,manufacturing.men,available,5.25,6.25,high,low,13,namesilo,,,01/10/2026 02:43
bee3e6f7-04e5-4dce-99ff-7e3e9b1568f8,production.bid,premium,455,65,high,low,10,namecheap,,,19/09/2026 18:56
a56f8d8a-2bca-47a6-a47a-172706a076ca,factory.esq,premium,427.7,427.7,high,low,7,namecheap,,,25/09/2026 22:41
2b3452f3-897b-444e-b233-36811ab99b38,manufacturing.fashion,premium,41.6,26.08,high,low,13,spaceship,,,01/10/2026 02:43
bc949ed3-08a3-46be-9fdc-959cc90d3a6a,manufacturing.schule,available,29.98,32.98,high,low,13,namecheap,,,01/10/2026 02:43
29a5649f-96bf-450b-b4ac-03fd706e4130,factory.glass,available,76.98,99.98,high,low,7,namecheap,,,25/09/2026 22:41
90e4eb30-bbe5-4c1b-b6d8-71677d587d87,manufacturing.realty,available,88.18,289.16,high,low,13,spaceship,,,01/10/2026 02:43
a954f7db-16b6-457f-b6d4-f6a2caf8644a,production.gives,available,7.48,37.98,high,low,10,namecheap,,,19/09/2026 18:56
73fa02a4-4f41-4309-a90d-ef7d9d793b92,manufacturing.cruises,available,56.99,56.99,high,low,13,namesilo,,,01/10/2026 02:43
8714a212-9b0b-4cd5-b1b4-731dbd0914de,production.ceo,available,9.99,146.98,high,low,10,namecheap,,,19/09/2026 18:56
eae49f82-a527-4ac7-8bca-269668592fe5,factory.properties,available,15.98,43.98,high,low,7,namecheap,,,25/09/2026 22:41
60132fa6-8710-4eea-8f11-06f427e8bc03,manufacturing.beer,available,2.19,32.49,high,low,13,namesilo,,,01/10/2026 02:43
2158ce55-7b53-4642-af64-897bd9fc3680,industrial.guitars,available,104.99,114.99,high,low,10,namesilo,,,04/10/2026 13:56
c1a1a2a6-cbe2-4c47-85a9-4dca852dffe9,factory.institute,resell,,,high,low,7,Dynadot Inc,09/05/2026 17:00,09/05/2027 17:00,26/09/2026 05:59
abf4382a-d8dd-42b4-a5fe-0178f99323e3,manufacturing.recipes,available,8.5,77.99,high,low,13,unstoppable,,,01/10/2026 02:43
b3ef1718-a898-4d37-8ba5-3c579c33d8a1,manufacturing.boutique,available,2.5,26.97,high,low,13,dynadot,,,01/10/2026 02:43
349cb001-39b6-400f-9ab6-329e1bc741cd,manufacturing.soccer,available,20.9,20.9,high,low,13,spaceship,,,01/10/2026 02:43
135c0f1a-2c42-4c8e-adb4-eb4a1ab1a186,manufacturing.holiday,available,67.98,81.98,high,low,13,namecheap,,,01/10/2026 02:43
37890692-84f9-49fe-9366-25d0721c5046,factory.vana,available,2298,2498,high,low,7,namecheap,,,25/09/2026 22:41
97518cfd-7c8c-4ad6-959b-60a67b6178b8,production.courses,premium,130,130,high,low,10,namecheap,,,19/09/2026 18:56
308e6965-1d63-4723-a800-464b4e534295,manufacturing.sydney,available,58,58,high,low,13,namesilo,,,01/10/2026 02:43
79005ca0-2f9e-4177-abb6-a8d18127225a,industrial.luxury,available,26.97,26.97,high,low,10,dynadot,,,04/10/2026 13:56
42733978-c3a6-44b5-ac0c-62aed017ddf2,manufacturing.land,available,5.38,33.32,high,low,13,spaceship,,,01/10/2026 02:43
2e47648d-cae5-4782-8957-55e178bfe422,production.direct,available,14.98,53.98,high,low,10,namecheap,,,19/09/2026 18:56
7c1b0c2f-4b0f-4521-ae17-5194397ac094,factory.associates,available,18.99,38.99,high,low,7,namesilo,,,25/09/2026 22:41
7714c8f8-e4d4-4e53-805f-bfdf8152f822,production.hospital,available,55.98,71.98,high,low,10,namecheap,,,19/09/2026 18:56
b5c35f39-f63e-4eee-a3ea-7ebade268c9b,production.fishing,available,33.98,45.98,high,low,10,namecheap,,,19/09/2026 18:56
45c9b518-24db-4fe0-b466-ac56ecb3284a,production.men,premium,455,65,high,low,10,namecheap,,,19/09/2026 18:56
703e5a74-ef9b-4bd8-a982-e3c6c96c9e85,factory.menu,available,34.98,38.98,high,low,7,namecheap,,,25/09/2026 22:41
0fa6c8ec-f317-4b43-ac61-c94379a05941,factory.lifestyle,premium,455,650,high,low,7,namecheap,,,25/09/2026 22:41
6b85b1d5-2b55-42c3-8516-77749db6d1da,production.credit,available,9.48,131.98,high,low,10,namecheap,,,19/09/2026 18:56
db9d765a-6aac-4129-a581-162c4ac503be,factory.mortgage,available,62.99,62.99,high,low,7,namesilo,,,25/09/2026 22:41
f97fb479-d731-4a2e-b521-2b4f16c0745f,industrial.berlin,available,79.98,89.98,high,low,10,namecheap,,,04/10/2026 13:56
3e64ec8a-10a2-41dd-87e9-86e3f369db02,manufacturing.hot,premium,116,116,high,low,13,namesilo,,,01/10/2026 02:43
ca157b29-6a79-4301-a9fa-a7312b359375,manufacturing.gallery,available,28.99,28.99,high,low,13,namesilo,,,01/10/2026 02:43
67bbcd6f-92e9-4054-b8cc-63f16aa486c8,production.forex,available,11.98,133.98,high,low,10,namecheap,,,19/09/2026 18:56
9c38904d-234d-4d98-843f-007c85c4680d,manufacturing.icu,premium,63.25,126.5,high,low,13,dynadot,,,01/10/2026 02:43
8cf75988-d130-4954-878a-00067b792deb,industrial.glass,available,58.19,58.19,high,low,10,porkbun,,,04/10/2026 13:56
e20b352d-fdc7-466e-bcf6-7e08ea30251d,production.jewelry,available,67.98,69.98,high,low,10,namecheap,,,19/09/2026 18:56
059cc106-8a35-4247-a0af-6bd104706386,industrial.baby,resell,,,high,low,10,Dynadot Inc,21/07/2026 15:32,21/07/2027 23:59,04/10/2026 13:56
e8223574-f6ca-4aff-b3c3-4de245f65029,production.org,resell,113850,21.99,high,low,10,Dynadot Inc,02/10/2001 18:03,02/10/2027 18:03,26/09/2026 08:21
bcc1b538-ace9-4bb8-8625-142980f1194e,manufacturing.auction,available,29.18,29.18,high,low,13,spaceship,,,01/10/2026 02:43
baa4b9dd-4321-49e5-a420-60b8a1a2b7cb,factory.bar,premium,819,1170,high,low,7,namecheap,,,25/09/2026 22:41
5db88c45-f05a-49d9-8fb4-6dd2fd907da8,production.degree,available,54.98,66.98,high,low,10,namecheap,,,19/09/2026 18:56
52fd3c2e-8fc5-45ef-a55f-ac8e66ffb821,factory.gifts,premium,78.54,78.54,high,low,7,namesilo,,,25/09/2026 22:41
08abdc27-76eb-42a1-a47f-0a1ce035e760,manufacturing.rent,available,17.99,59.99,high,low,13,namesilo,,,01/10/2026 02:43
38c9402a-d8c3-418c-b168-bf4bf1760eb8,factory.blackfriday,available,114.99,114.99,high,low,7,namesilo,,,25/09/2026 22:41
9b38d684-75b4-4121-8235-6521cb8abed9,production.luxe,available,19.49,19.49,high,low,10,namesilo,,,19/09/2026 18:56
8fa3bf89-a92d-4793-bc3c-1f58a1c5160c,industrial.rest,premium,230.4,230.4,high,low,10,namesilo,,,04/10/2026 13:56
4a4d427d-7a47-4fef-b45f-c2188278c874,industrial.study,premium,650,650,high,low,10,namecheap,,,04/10/2026 13:56
1b11fc41-8aa8-48f6-a172-bbf711e88f55,factory.free,premium,116,116,high,low,7,namesilo,,,25/09/2026 22:41
a4f42280-882d-46f5-9130-3f712250f434,production.rsvp,premium,323.7,323.7,high,low,10,namecheap,,,19/09/2026 18:56
c2357fd0-d887-4225-909d-e45e0688e40b,production.film,premium,650,650,high,low,10,namecheap,,,19/09/2026 18:56
96916fad-045a-4ea4-b38c-73816711ffd2,manufacturing.care,available,10.03,35.39,high,low,13,spaceship,,,01/10/2026 02:43
7fbd3f7f-4f8f-462e-a396-5608acc60ed7,industrial.io,resell,,,high,low,10,Dynadot Inc,24/06/2018 10:07,24/06/2027 10:07,04/10/2026 13:56
5a4ff3f8-2054-4ce9-8389-397fe7cc11c8,production.claims,available,11.98,82.98,high,low,10,namecheap,,,19/09/2026 18:56
24cf0b4d-11b4-4c06-a0e8-dbf9753c1d92,production.esq,premium,427.7,427.7,high,low,10,namecheap,,,19/09/2026 18:56
6c1a2a9b-a56e-4a05-89b1-823094652f50,manufacturing.pictures,available,12.62,12.62,high,low,13,spaceship,,,01/10/2026 02:43
484951cc-5e12-4b7c-af5e-27a761f5c1f7,manufacturing.sucks,available,278.98,298,high,low,13,namecheap,,,01/10/2026 02:43
d4ef2651-2588-463d-8b7d-14fa7c447683,manufacturing.limo,available,54.99,54.99,high,low,13,namesilo,,,01/10/2026 02:43
e2f32079-57fd-47e3-8b11-e312ddb94c24,production.stream,premium,650,84.5,high,low,10,namecheap,,,19/09/2026 18:56
9eea8139-1069-4d94-871b-719a9d35784d,factory.restaurant,available,20.99,64.99,high,low,7,namesilo,,,25/09/2026 22:41
dc0c2a10-3d10-4552-9db9-09e7a2cf06ea,factory.live,resell,,,high,low,7,"DNSPod, Inc.",07/08/2024 15:15,07/08/2027 15:15,26/09/2026 05:59
43db2734-a33f-4d1f-953d-b543e5174ab9,production.promo,resell,,,high,low,10,IONOS SE,01/12/2025 16:21,01/12/2026 16:21,26/09/2026 08:21
8519bc1b-3526-4f3e-8c7d-bd80d3ea1d30,manufacturing.autos,available,1.24,13.97,high,low,13,spaceship,,,01/10/2026 02:43
238275a4-6915-4717-8396-edcdc423c053,manufacturing.solar,available,64.99,64.99,high,low,13,namesilo,,,01/10/2026 02:43
0d30d1cf-a850-49bd-9550-b5712f1b5a1b,production.fish,available,46.98,59.98,high,low,10,namecheap,,,19/09/2026 18:56
bd353b7e-dfdc-4e6c-999b-de6b936169bb,industrial.ltd,resell,,,high,low,10,Alibaba Cloud Computing Ltd. d/b/a HiChina (www.net.cn),21/06/2016 08:39,21/06/2027 08:39,04/10/2026 13:56
155dac63-e420-47be-8e44-af57a8530906,production.gold,resell,,,high,low,10,"DNSPod, Inc.",18/05/2023 15:15,18/05/2027 15:15,26/09/2026 08:21
3487be9a-47d7-44b3-9f7e-40c0d06a2a8f,factory.taxi,available,10.99,62.99,high,low,7,namesilo,,,25/09/2026 22:41
df7038d5-4237-4e71-8e91-3e78f3fe06e8,industrial.hosting,available,279.65,341.75,high,low,10,spaceship,,,04/10/2026 13:56
ad9366cb-ce63-44dd-adda-c4dfdbd943a1,production.uno,premium,1300,1300,high,low,10,namecheap,,,19/09/2026 18:56
47f6b793-ca51-4116-9be6-24e02c0f443f,production.shoes,available,34.98,81.98,high,low,10,namecheap,,,19/09/2026 18:56
0a12aa04-c397-46a7-9bf8-2aa998a6c30e,industrial.courses,premium,640,640,high,low,10,namesilo,,,04/10/2026 13:56
00736592-2a43-44f0-a2ce-65be8455f96a,industrial.cloud,resell,,,high,low,10,Porkbun LLC,05/05/2018 00:46,05/05/2027 00:46,04/10/2026 13:56
d2b38e7a-4b17-4208-bda1-843879821e9e,factory.fishing,available,32.49,32.49,high,low,7,namesilo,,,25/09/2026 22:41
43326adf-3782-48df-81fc-df8d7c17115d,manufacturing.esq,premium,92.32,92.32,high,low,13,spaceship,,,01/10/2026 02:43
f12447c5-837d-4250-80ce-b41a890fca73,factory.buzz,premium,116,53.92,high,low,7,namesilo,,,25/09/2026 22:41
0e4d40d8-9a0b-4318-9590-2422d0d7ddc9,manufacturing.surgery,available,57.98,68.98,high,low,13,namecheap,,,01/10/2026 02:43
b8a4ace2-123a-481b-87e3-7dd05cba6676,factory.games,premium,118.8,118.8,high,low,7,namesilo,,,25/09/2026 22:41
7026fc1e-afbb-4e26-b0ec-5d50b8d9b817,industrial.auction,premium,1100,1100,high,low,10,dynadot,,,04/10/2026 13:56
486eb65b-3394-4810-9313-96df4d9e1390,factory.red,resell,,,high,low,7,"Sav.com, LLC - 1",20/09/2026 15:15,20/09/2027 15:15,26/09/2026 05:59
92184f54-8fe0-4e18-9df9-1078a99f9425,industrial.schule,available,28.99,28.99,high,low,10,namesilo,,,04/10/2026 13:56
1449555f-f4da-4a53-a21b-5df8129b4d1e,production.moe,premium,1560,15.6,high,low,10,namecheap,,,19/09/2026 18:56
6ffed08b-9e3b-4f8d-9ba7-cd4c32f5c1b7,industrial.bot,resell,,,high,low,10,"Spaceship, Inc.",20/05/2025 10:37,20/05/2027 10:37,04/10/2026 13:56
060eafde-505d-4037-9a51-100487ccd498,factory.melbourne,available,58,58,high,low,7,namesilo,,,25/09/2026 22:41
89528325-b3b9-4b5c-9e0e-e42cc54a5c88,manufacturing.webcam,premium,103.7,26.08,high,low,13,spaceship,,,01/10/2026 02:43
7f04dc74-6175-4c0e-9b15-b70ae87695b1,factory.cfd,premium,68.43,147.2,high,low,7,namesilo,,,25/09/2026 22:41
ad27b266-5c83-4f1a-a479-9d0c1b6a1bc5,production.voto,available,11.98,86.98,high,low,10,namecheap,,,19/09/2026 18:56
9cf0b705-f1d0-46c3-b6bc-a5c7d38d2f47,industrial.ong,available,15.96,15.96,high,low,10,porkbun,,,04/10/2026 13:56
0c4845dc-5a0c-424e-bc3f-4a8b79b8e0af,manufacturing.casino,available,6.41,129.58,high,low,13,spaceship,,,01/10/2026 02:43
d75d2db8-acee-483e-b293-0df4d16d156e,production.bet,available,8.98,35.98,high,low,10,namecheap,,,19/09/2026 18:56
f084e2c5-6715-4cef-b083-457f8104fae1,factory.wtf,resell,,,high,low,7,"Sav.com, LLC - 39",04/02/2026 15:16,04/02/2027 15:16,26/09/2026 05:59
15cd487f-7123-463f-80b0-1f34598dad11,factory.gay,available,38.99,38.99,high,low,7,namesilo,,,25/09/2026 22:41
3ed657eb-8530-420d-993e-33a4ec27441f,industrial.xxx,available,69.98,154.98,high,low,10,namecheap,,,04/10/2026 13:56
def88d5a-0d88-4e5e-b3bd-73a3de2e86c3,industrial.nexus,premium,59.2,64.93,high,low,10,unstoppable,,,04/10/2026 13:56
22e154dc-1575-44dd-8592-46da8ccebbc4,production.college,premium,13000,13000,high,low,10,namecheap,,,19/09/2026 18:56
86b213f7-925b-4455-b1a2-e7c997ea0710,industrial.site,premium,682.81,2729.67,high,low,10,porkbun,,,04/10/2026 13:56
bf8e184c-5a12-4ee4-a752-31ecb2d1c2e6,industrial.review,premium,2587.7,103.7,high,low,10,spaceship,,,04/10/2026 13:56
3cfa0f15-b043-4293-b787-cbe7e19f5d3b,manufacturing.doctor,available,8.24,93.2,high,low,13,porkbun,,,01/10/2026 02:43
57657cb6-a2d9-4955-9a3c-0b5f52abb46a,factory.science,premium,116,29.5,high,low,7,namesilo,,,25/09/2026 22:41
b3c4ced8-b57d-4375-a66a-7cb019296b09,factory.family,premium,512,512,high,low,7,namesilo,,,25/09/2026 22:41
42df1c87-7e84-4372-ad5d-0c474218d9ce,manufacturing.porn,available,51.95,98.53,high,low,13,spaceship,,,01/10/2026 02:43
caa9d57c-5aa6-45f7-9e6a-68368d9602f0,industrial.engineering,premium,400.5,512,high,low,10,unstoppable,,,04/10/2026 13:56
dcdd93e7-51ed-42f1-a8b0-bdcb1c0b22cd,manufacturing.tel,available,10.62,10.62,high,low,13,namesilo,,,01/10/2026 02:43
f932d413-c110-45c1-9a4c-9ac66e3c9ad5,manufacturing.jewelry,available,67.98,69.98,high,low,13,namecheap,,,01/10/2026 02:43
d21b1ab4-d01f-4309-a5d0-b25d6bf2a7cb,factory.reviews,premium,78.54,78.54,high,low,7,namesilo,,,25/09/2026 22:41
2850b15d-b1fe-4f4e-898d-1fd731018755,factory.run,resell,,,high,low,7,"DNSPod, Inc.",11/07/2018 09:33,11/07/2027 09:33,26/09/2026 05:59
b0e6ff3b-9f9e-49b1-9d36-81d301c15160,industrial.social,resell,,,high,low,10,Squarespace Domains II LLC,10/12/2023 15:15,10/12/2026 15:15,04/10/2026 13:56
dec2630d-9d6b-4bdd-8b29-1e72306b9136,factory.hockey,available,59.99,59.99,high,low,7,namesilo,,,25/09/2026 22:41
01317fbf-51bb-4f6e-bd3b-47124fe64ed3,production.vote,available,23.98,119.98,high,low,10,namecheap,,,19/09/2026 18:56
e9a128bb-b36b-4b15-838f-ed5ff9847723,industrial.trade,premium,3250,130,high,low,10,namecheap,,,04/10/2026 13:56
12740365-cf7a-41eb-b714-c592cb021c1d,production.osaka,available,32.98,41.98,high,low,10,namecheap,,,19/09/2026 18:56
8b8c649d-5033-4938-822f-fd2ce69e337d,industrial.cars,available,1999.99,2199,high,low,10,namesilo,,,04/10/2026 13:56
edbc1f3c-6d95-4d0f-a081-614fc39951ef,manufacturing.apartments,available,57.99,57.99,high,low,13,namesilo,,,01/10/2026 02:43
923e4465-1b07-45d1-8c0f-acdf83bd4f46,production.kim,available,5.98,32.98,high,low,10,namecheap,,,19/09/2026 18:56
bf5b6411-1fc7-43a7-9e5f-6f59ca33a040,manufacturing.hamburg,available,69.98,73.98,high,low,13,namecheap,,,01/10/2026 02:43
00ead8ee-7ca7-4166-b428-a6d21c7d7791,production.fans,premium,65,130,high,low,10,namecheap,,,19/09/2026 18:56
0c35c414-bf56-4d30-97d3-b6711f7bb763,production.icu,premium,74.75,149.5,high,low,10,namecheap,,,19/09/2026 18:56
f6a5670e-a85a-4c4c-bf2e-4e08fb08d429,production.social,resell,,,high,low,10,"DNSPod, Inc.",11/05/2023 15:15,11/05/2027 15:15,26/09/2026 08:21
a8e5f7b8-99dc-47a7-b19a-fe7ee6693e05,factory.tips,available,12.98,42.48,high,low,7,namecheap,,,25/09/2026 22:41
9c4c24e1-7f25-488c-967e-ad86419eedc2,manufacturing.faith,available,11.99,11.99,high,low,13,namesilo,,,01/10/2026 02:43
aae67b8b-bb7c-41fa-8be4-560c8dd987a1,factory.rodeo,available,13.98,17.98,high,low,7,namecheap,,,25/09/2026 22:41
ad2e1d5d-3eda-4bca-9dc4-b0567194d13f,industrial.host,premium,273.44,546.35,high,low,10,porkbun,,,04/10/2026 13:56
0dcd4b71-5e55-42ef-b317-bdab1b7a79bc,manufacturing.black,available,15.73,51.95,high,low,13,spaceship,,,01/10/2026 02:43
bd023340-ec37-48c7-821d-38674dcbe651,manufacturing.ing,available,10.2,10.2,high,low,13,cloudflare,,,01/10/2026 02:43
53c1c406-dc81-48ca-968a-6b7fa0699287,manufacturing.money,available,16.99,35.99,high,low,13,namesilo,,,01/10/2026 02:43
43fce380-2caf-4b75-b584-7758ee520cca,industrial.cafe,available,40.2,40.2,high,low,10,cloudflare,,,04/10/2026 13:56
3e169852-5d59-4a15-840c-b3ac58ec865f,production.agency,resell,,,high,low,10,"Sav.com, LLC - 7",05/01/2026 15:15,05/01/2027 15:15,26/09/2026 08:21
50ce7d8a-d591-4e40-b423-fd6cd4958b65,production.study,premium,130,130,high,low,10,namecheap,,,19/09/2026 18:56
04cb9e7f-6e0a-4eae-a899-12a47fcf4b50,production.me,resell,861.35,27.99,high,low,10,"GoDaddy.com, LLC",06/10/2010 19:42,06/10/2027 19:42,26/09/2026 08:21
ac4fdc94-1aad-4ff4-8aee-01475883a35d,production.mortgage,available,65.98,76.98,high,low,10,namecheap,,,19/09/2026 18:56
d28d65da-4b7d-465c-ad25-964cbd70b18f,industrial.haus,available,10.55,27.11,high,low,10,spaceship,,,04/10/2026 13:56
bd070fa8-ec47-4eb4-845f-5cada3720718,factory.villas,available,59.99,59.99,high,low,7,namesilo,,,25/09/2026 22:41
f1085c90-49e8-4020-8277-8aa7594228dd,industrial.education,available,34.99,34.99,high,low,10,namesilo,,,04/10/2026 13:56
083eccd0-0a12-4457-b558-799c87f2a76a,manufacturing.hospital,available,57.99,57.99,high,low,13,namesilo,,,01/10/2026 02:43
30dd1656-8997-497d-8e59-9d1ecd97997a,manufacturing.cafe,available,7.25,51.99,high,low,13,namesilo,,,01/10/2026 02:43
589b8d24-d6ba-49ef-93f2-9ff0f391faa8,production.reise,available,102.98,127.98,high,low,10,namecheap,,,19/09/2026 18:56
ae20d503-c15e-4460-9c02-22e5dfa6caa0,industrial.cruises,available,44.71,44.71,high,low,10,spaceship,,,04/10/2026 13:56
edb79e1a-ab61-4453-b4d4-243de34fe7e6,factory.car,available,1999.99,2199,high,low,7,namesilo,,,25/09/2026 22:41
8b3fb20f-bf83-40ea-9fd0-418d862c1cf1,manufacturing.cam,available,1.7,14.69,high,low,13,spaceship,,,01/10/2026 02:43
62d19a3b-09fe-4d35-a4d7-88076e377cfb,industrial.link,premium,960,960,high,low,10,namesilo,,,04/10/2026 13:56
5a3cbd99-608d-4358-b24f-ca357563f7c3,production.exchange,premium,128.7,128.7,high,low,10,namecheap,,,19/09/2026 18:56
39d6623e-500b-4f88-8539-b87cd61fe0a1,industrial.fish,available,36.43,36.43,high,low,10,spaceship,,,04/10/2026 13:56
4ea2da48-1168-426e-8c09-538d536cd936,manufacturing.one,premium,550,550,high,low,13,dynadot,,,01/10/2026 02:43
82b9aaea-b64e-481d-b1a7-6abda4a6f578,industrial.partners,resell,,,high,low,10,Porkbun LLC,24/02/2021 14:56,24/02/2027 14:56,04/10/2026 13:56
2198c52e-3e94-4f2b-bf86-46299695c476,production.glass,available,76.98,99.98,high,low,10,namecheap,,,19/09/2026 18:56
b22e5df0-2805-49ad-a9f9-745c00cca80d,production.skin,available,1.8,21.98,high,low,10,namecheap,,,19/09/2026 18:56
d7364cca-4400-446f-9000-24d052655a34,production.careers,premium,520,520,high,low,10,namecheap,,,19/09/2026 18:56
389c3042-4243-4172-ab2b-effa3d829ecc,manufacturing.casa,available,2.19,12.99,high,low,13,namesilo,,,01/10/2026 02:43
4df23ce5-7787-4880-949b-d0771657d85c,manufacturing.cab,available,25.2,25.2,high,low,13,cloudflare,,,01/10/2026 02:43
2cba5c78-0f17-42c7-a344-9c889c2054e2,manufacturing.luxe,available,15.2,15.2,high,low,13,cloudflare,,,01/10/2026 02:43
b02bd1ce-d598-4536-a7f6-8cd8a6fb19d1,factory.nyc,premium,6900,29.5,high,low,7,namesilo,,,25/09/2026 22:41
d50af015-83ea-42c0-bb47-5a5faa593dce,industrial.salon,available,57.99,57.99,high,low,10,namesilo,,,04/10/2026 13:56
6ec0c67d-22ed-4db5-82e9-aeea92644fff,engineering.equipment,available,29.98,32.98,high,low,11,namecheap,,,05/10/2026 19:09
129dac80-4d9d-454e-9ce5-33fab40127c1,manufacturing.bio,resell,,,high,low,13,Porkbun LLC,04/10/2025 23:14,04/10/2027 23:14,05/10/2026 06:12
fad6b034-bafe-4419-bd9e-efa4c1a00803,factory.kids,premium,384,21.24,high,low,7,namesilo,,,25/09/2026 22:41
f2b17209-e105-4d89-9c28-ee1a04b3c801,manufacturing.info,resell,,,high,low,13,"GoDaddy.com, LLC",13/07/2002 19:23,13/07/2027 19:23,01/10/2026 02:43
11d968d5-00d6-4998-9496-ad66d6411b4e,industrial.dad,premium,133.72,133.72,high,low,10,spaceship,,,04/10/2026 13:56
49375f28-4f13-461a-8f2a-18a85f71aa0a,industrial.gmbh,available,36.43,36.43,high,low,10,spaceship,,,04/10/2026 13:56
2108badd-e91a-4c4e-8747-63177424c4b9,production.cash,available,4.98,50.98,high,low,10,namecheap,,,19/09/2026 18:56
f5afb84d-d2fa-429e-9312-746537858cd2,manufacturing.vana,available,2140.22,2140.22,high,low,13,dynadot,,,01/10/2026 02:43
35916770-41e6-47d9-92ca-67e43cd79c1c,industrial.gallery,available,28.99,28.99,high,low,10,namesilo,,,04/10/2026 13:56
e6be5b39-8408-49ff-8765-93da4ea1d180,manufacturing.live,resell,,,high,low,13,Dynadot Inc,27/06/2026 17:00,27/06/2027 17:00,01/10/2026 02:43
b42035cc-f49c-457c-9f02-bbf328bc366a,industrial.locker,premium,1654.52,8.8,high,low,10,namesilo,,,04/10/2026 13:56
5d00b657-a5fe-46ce-8a95-e0a22e37dc0e,factory.green,resell,,,high,low,7,"Sav.com, LLC - 13",10/06/2026 15:15,10/06/2027 15:15,26/09/2026 05:59
dc83780d-3bbe-4e72-9618-3aac0a9448c9,manufacturing.boats,available,1.99,17.29,high,low,13,namesilo,,,01/10/2026 02:43
9b3ad3d7-245c-48cb-9d01-16ed4ff25cf3,production.talk,premium,650,650,high,low,10,namecheap,,,19/09/2026 18:56
0ac2cc95-e3b0-4f5f-8afc-19b20063a1c6,manufacturing.diet,available,93.35,103.4,high,low,13,spaceship,,,01/10/2026 02:43
2aa83da9-fb96-43d1-8aba-b1ac907dd47d,factory.industries,available,45.99,45.99,high,low,7,namesilo,,,25/09/2026 22:41
b488c375-dca4-45fb-b382-3022a9126fe7,manufacturing.ceo,available,9.99,107.22,high,low,13,dynadot,,,01/10/2026 02:43
102e4e59-ab92-4f5f-90b4-1c9b0410e370,manufacturing.ink,available,1.75,26.08,high,low,13,spaceship,,,01/10/2026 02:43
19c521da-90e5-48e5-bea5-d5525b5cc779,industrial.dog,available,3.6,52.01,high,low,10,porkbun,,,04/10/2026 13:56
a7442683-7f73-4dfc-b12d-29d2d6a243af,factory.cv,premium,649.6,80.33,high,low,7,namesilo,,,25/09/2026 22:41
899a6b5c-4392-4ccc-8a9e-e804f4c46be8,manufacturing.science,premium,2587.7,103.7,high,low,13,spaceship,,,01/10/2026 02:43
1aceee72-a2da-4b72-8d6d-737db8c9eb79,factory.gift,available,14.99,14.99,high,low,7,namesilo,,,25/09/2026 22:41
de1a846e-90c4-42cc-beef-8982e11d16c4,production.casa,available,1.98,17.98,high,low,10,namecheap,,,19/09/2026 18:56
9a0a5181-ddd3-4090-a025-c000deb31f38,production.immo,available,36.98,43.98,high,low,10,namecheap,,,19/09/2026 18:56
1d52a231-655c-415d-9356-b287f6d1940c,manufacturing.pink,available,13.5,31.48,high,low,13,unstoppable,,,01/10/2026 02:43
9c210ce0-46ee-4f24-874c-4f3a353de026,manufacturing.free,premium,103.7,103.7,high,low,13,spaceship,,,01/10/2026 02:43
5b76a4f1-7e86-4a5d-930a-0878ef2948ed,production.how,premium,53.3,53.3,high,low,10,namecheap,,,19/09/2026 18:56
c6333386-b866-4498-a5b2-b3fe57bda752,production.hair,available,1.8,21.98,high,low,10,namecheap,,,19/09/2026 18:56
832fdc22-8fb5-4bfa-b87c-6fde60442bd6,factory.loans,available,20.99,116.99,high,low,7,namesilo,,,25/09/2026 22:41
a1a1d8a1-454a-4a5e-a14a-7f4d821794b8,industrial.eco,premium,550,61.74,high,low,10,dynadot,,,04/10/2026 13:56
c52c3b52-50c0-4ff8-9983-f1ab48ac7cd2,factory.boats,available,1.99,17.29,high,low,7,namesilo,,,25/09/2026 22:41
7a848d76-276d-40d4-bbe3-1588847f8872,manufacturing.kids,available,5.38,18.83,high,low,13,spaceship,,,01/10/2026 02:43
b77c8655-c6ef-415a-b96e-30b567a9111f,industrial.win,premium,455,65,high,low,10,namecheap,,,04/10/2026 13:56
407a264a-f9e7-4423-84bb-6f545c3e6601,manufacturing.photos,available,15.99,29.99,high,low,13,namesilo,,,01/10/2026 02:43
98a6d465-e5ca-4aac-b464-00473c72c9f8,production.food,available,4.98,48.98,high,low,10,namecheap,,,19/09/2026 18:56
0d42ef5b-38e8-45b5-8b15-2ba5479d4a24,industrial.sarl,available,6.99,6.99,high,low,10,namesilo,,,04/10/2026 13:56
c37a91c5-e74e-4c0f-9fc0-35227055fb8e,factory.ltda,available,42.98,46.98,high,low,7,namecheap,,,25/09/2026 22:41
138ed64c-b967-4c01-b2b0-43f4250c710c,production.win,premium,455,65,high,low,10,namecheap,,,19/09/2026 18:56
de00046e-cb54-441a-9571-904ec6a841d8,manufacturing.horse,available,32.49,32.49,high,low,13,namesilo,,,01/10/2026 02:43
d663e9b3-5eef-441f-8beb-7a1b66f3f528,factory.delivery,available,6.75,61.99,high,low,7,namesilo,,,25/09/2026 22:41
bbf5fe3e-917a-43a7-bff4-1e1acc050c34,production.surgery,available,57.98,68.98,high,low,10,namecheap,,,19/09/2026 18:56
9c723e32-b5d2-4bf2-b585-1ae59929d94c,manufacturing.shiksha,available,11.98,69.98,high,low,13,namecheap,,,01/10/2026 02:43
1be42902-6acc-4361-aa78-c0655cefc949,manufacturing.ngo,available,18.98,24.98,high,low,13,namecheap,,,01/10/2026 02:43
df58c94c-aaa7-466b-9f2e-9e955be7a8cb,industrial.futbol,available,7.49,17.99,high,low,10,namesilo,,,04/10/2026 13:56
5cc61be8-518e-4904-96a2-4a6bf66d8419,factory.soccer,available,25.99,25.99,high,low,7,namesilo,,,25/09/2026 22:41
07fb86b3-b627-4e7c-a6c9-2aa030e0812d,manufacturing.channel,premium,61.27,61.27,high,low,13,spaceship,,,01/10/2026 02:43
51723906-7971-45a3-b373-11c495092470,industrial.moi,available,25.99,25.99,high,low,10,namesilo,,,04/10/2026 13:56
bdfad286-ca0d-427f-bcbe-f148b71a64a3,factory.mom,available,1.99,27.99,high,low,7,namesilo,,,25/09/2026 22:41
4e15441b-c8f0-4b23-a991-2dee0a9ff921,industrial.family,available,39.99,39.99,high,low,10,namesilo,,,04/10/2026 13:56
3acebac5-aa94-4a3d-891e-49f62b066964,industrial.apartments,available,45.74,45.74,high,low,10,spaceship,,,04/10/2026 13:56
22aafa7f-2a9b-4512-89ea-0559e185762a,industrial.expert,available,10.99,62.49,high,low,10,namesilo,,,04/10/2026 13:56
81777cc4-3b24-4214-b832-3ab66fe2da0d,factory.phd,premium,427.7,427.7,high,low,7,namecheap,,,25/09/2026 22:41
a19d26d6-59de-41df-a84f-56e73ce7a576,industrial.kim,available,5.38,18.83,high,low,10,spaceship,,,04/10/2026 13:56
944a7c0d-0ac0-4883-9f77-f00eae31423c,manufacturing.pizza,available,5.98,83.98,high,low,13,namecheap,,,01/10/2026 02:43
3c90b19c-773c-4bed-8c1d-a9d7a01eac27,manufacturing.dating,available,20.99,64.99,high,low,13,namesilo,,,01/10/2026 02:43
8a7f8d5f-2509-4fe2-9020-3e9b67b8c5ff,factory.co,resell,,,high,low,7,Dynadot Inc,16/04/2026 10:54,16/04/2027 23:59,26/09/2026 05:59
4cbf0086-8a48-4ed8-9f7d-6d3aead5c297,industry.industries,premium,512,512,high,medium,8,namesilo,,,06/10/2026 02:16
7e6aeca4-bc9f-4352-ae8d-929c0e5827ab,industrial.chat,resell,,,high,low,10,"DNSPod, Inc.",21/11/2024 17:00,21/11/2026 17:00,04/10/2026 13:56
539a16b0-62ce-4096-b7d0-70e6b1106d30,factory.media,resell,,,high,low,7,"DNSPod, Inc.",09/01/2024 15:15,09/01/2027 15:15,26/09/2026 05:59
f95731e1-899e-4f89-accc-ea5590562711,manufacturing.gifts,available,38.48,47.48,high,low,13,namecheap,,,01/10/2026 02:43
89696e62-7b96-40ee-b7af-8564c9be8775,industrial.miami,premium,200.5,21.24,high,low,10,unstoppable,,,04/10/2026 13:56
f0c0d9ee-bcd8-4001-987a-37abfe7627eb,manufacturing.healthcare,available,68.2,68.2,high,low,13,cloudflare,,,01/10/2026 02:43
18a50bbe-3c03-4fb5-a119-abb9d5e7a611,industrial.fm,premium,201.83,87.98,high,low,10,spaceship,,,04/10/2026 13:56
d123f754-384b-4274-a1ca-8cf32a1218d0,manufacturing.taxi,available,48.2,48.2,high,low,13,cloudflare,,,01/10/2026 02:43
1e2f9718-1ed2-477d-af47-1c87787e8c00,industrial.trading,available,17.34,17.34,high,low,10,dynadot,,,04/10/2026 13:56
9dbee4ff-00df-41f4-9cc8-73f1f8d4244f,production.kitchen,available,8.98,83.98,high,low,10,namecheap,,,19/09/2026 18:56
26164d64-155e-4228-9556-2725e507155d,industrial.talk,premium,71.4,71.4,high,low,10,namesilo,,,04/10/2026 13:56
4f890429-f9c4-46df-b43a-ef9c93b5e2e8,production.voting,available,1398,1448,high,low,10,namecheap,,,19/09/2026 18:56
fa156355-a4d9-476b-9776-fef5426f5f9e,production.soy,premium,217.1,217.1,high,low,10,namecheap,,,19/09/2026 18:56
9657e03c-0135-4bab-abb3-821af069669f,assembly.industries,resell,,,high,low,8,Dynadot Inc,26/01/2026 17:00,26/01/2027 17:00,26/09/2026 04:04
6c3020a7-8edb-4ea5-b323-b8c7145ed807,manufacturing.legal,available,71.99,71.99,high,low,13,namesilo,,,01/10/2026 02:43
f7252fb6-2424-474c-9e07-618e2d8bf2fd,production.republican,available,5.98,43.98,high,low,10,namecheap,,,19/09/2026 18:56
53c84ca5-b0a7-46cb-b23d-507388c3dd91,factory.church,available,8.48,78.98,high,low,7,namecheap,,,25/09/2026 22:41
90c8b669-e0dc-4fb8-9c61-e646ab3a3b0e,industrial.shopping,available,23.2,23.2,high,low,10,cloudflare,,,04/10/2026 13:56
4654dfba-799e-4010-904a-b6c5b0d80ebc,factory.meme,premium,455,455,high,low,7,namecheap,,,25/09/2026 22:41
8eb2eda6-1550-4fb8-baa8-304cd75e2c97,production.store,premium,162.5,650,high,low,10,namecheap,,,19/09/2026 18:56
068c6355-f264-4a7e-adb1-38855b145e91,production.host,premium,325,650,high,low,10,namecheap,,,19/09/2026 18:56
d8681de5-bb3c-469e-8fde-2d9b8a54ddac,manufacturing.lawyer,available,62.99,62.99,high,low,13,namesilo,,,01/10/2026 02:43
bc5d913f-f037-454a-bd15-b7275a4dcc44,factory.healthcare,available,93.98,111.98,high,low,7,namecheap,,,25/09/2026 22:41
d62bbef1-3397-4ae6-b51b-283d5640f076,factory.prof,premium,427.7,427.7,high,low,7,namecheap,,,25/09/2026 22:41
18878d74-bfc2-4a29-9d9c-975fac62dd9b,industrial.security,available,1863.2,2000.18,high,low,10,spaceship,,,04/10/2026 13:56
88029a44-6eae-4ea9-9083-bfccb0108e34,industrial.sex,available,51.95,98.53,high,low,10,spaceship,,,04/10/2026 13:56
0e20dca8-33aa-4c0b-a56d-804472d69f61,production.faith,available,12.98,16.98,high,low,10,namecheap,,,19/09/2026 18:56
4519d64a-a09e-4ec7-b0f4-7726a6f25821,production.university,available,65.98,77.98,high,low,10,namecheap,,,19/09/2026 18:56
b142ed88-5be9-4c7c-8d08-b53b6f028ff9,production.holiday,available,67.98,81.98,high,low,10,namecheap,,,19/09/2026 18:56
497e90d3-50f8-4cc7-89e2-0f139afb8e43,production.top,premium,291.15,291.15,high,low,10,namecheap,,,19/09/2026 18:56
c4523fb6-1863-44ed-92f9-35dd3cb73cb6,production.observer,premium,32.5,32.5,high,low,10,namecheap,,,19/09/2026 18:56
4d0db44e-1e46-4e8f-8a7e-7d96492bb5c0,manufacturing.forsale,premium,102.67,102.67,high,low,13,spaceship,,,01/10/2026 02:43
15940bf8-a2fa-4959-8895-b5e736b66850,factory.icu,premium,68.43,147.2,high,low,7,namesilo,,,25/09/2026 22:41
14a405ce-8e43-46b1-93a4-d10fc84fa44d,production.tickets,available,393.98,608.98,high,low,10,namecheap,,,19/09/2026 18:56
fd631c38-c395-4930-b47c-5227f1a30bdb,factory.gmbh,available,45.99,45.99,high,low,7,namesilo,,,25/09/2026 22:41
2a9bffbd-ac14-4e9b-9434-2194becfc607,industrial.uno,premium,1035.2,1035.2,high,low,10,spaceship,,,04/10/2026 13:56
1e1f8774-a97e-405d-a218-da7b6fa6713d,industrial.dental,available,78.99,78.99,high,low,10,namesilo,,,04/10/2026 13:56
eb83a38a-f1b2-4c72-9094-67101f241f28,manufacturing.blackfriday,available,103.5,103.5,high,low,13,porkbun,,,01/10/2026 02:43
85f8b31e-7c61-49ff-b0f8-8b43ec7aa329,factory.charity,available,14.99,23.99,high,low,7,namesilo,,,25/09/2026 22:41
1831b7b1-cb14-4387-b74b-d852ecbf6be3,industrial.bar,premium,1152,1152,high,low,10,namesilo,,,04/10/2026 13:56
2f057375-10d7-463b-b136-a56db3121c86,factory.tienda,available,59.99,59.99,high,low,7,namesilo,,,25/09/2026 22:41
e13847a4-5ebb-4232-94a1-41f7315ce7e8,production.tennis,available,67.98,81.98,high,low,10,namecheap,,,19/09/2026 18:56
cb1686f0-94a5-4eb5-b468-0b9c65854e02,industrial.fun,premium,3450,3450,high,low,10,namesilo,,,04/10/2026 13:56
547a1d3c-08a1-400d-b884-c133fef7675a,industrial.gripe,available,6.99,6.99,high,low,10,namesilo,,,04/10/2026 13:56
064a9eb2-d9e5-4775-be43-2227c852ba05,production.fast,premium,650,650,high,low,10,namecheap,,,19/09/2026 18:56
b923268b-cd72-4a63-ac3c-1baee2e4d4fb,industrial.taxi,available,10.99,62.99,high,low,10,namesilo,,,04/10/2026 13:56
c9ccaa83-fb04-4146-b446-c5c2e503b0bf,production.vacations,available,40.98,49.98,high,low,10,namecheap,,,19/09/2026 18:56
d3e11c56-3e84-4a2e-92e4-76610dfd4f86,production.storage,available,538.98,858,high,low,10,namecheap,,,19/09/2026 18:56
e163e716-7adf-467a-8bdb-fb1e9fedbe7e,industrial.band,premium,118.8,118.8,high,low,10,namesilo,,,04/10/2026 13:56
c6052881-8e4a-4613-b979-b1fd3c095267,production.green,resell,,,high,low,10,Dynadot Inc,05/02/2026 17:00,05/02/2027 17:00,26/09/2026 08:21
5d29615d-95c6-4699-8802-7e22fe268d75,production.christmas,available,1.8,49.98,high,low,10,namecheap,,,19/09/2026 18:56
c855fe08-aab5-425b-899b-df4bc165b209,production.memorial,available,54.98,64.98,high,low,10,namecheap,,,19/09/2026 18:56
48f76cde-b411-4698-a31e-5b3b33d32d06,production.pw,resell,3.99,24.49,high,low,10,"GoDaddy.com, LLC",31/05/2026 01:50,31/05/2027 01:50,26/09/2026 08:21
1f113d1f-f5fb-40a0-8529-5711be459497,factory.fitness,premium,242,242,high,low,7,namesilo,,,25/09/2026 22:41
bdb02622-5e46-4d63-9407-d677335a3d23,production.cv,available,14.98,14.98,high,low,10,namecheap,,,19/09/2026 18:56
24f55571-fa80-49fc-ab18-d3cd75fe529c,industrial.page,premium,165.12,165.12,high,low,10,namesilo,,,04/10/2026 13:56
161807c1-13b9-4998-85a3-0bccef9ef434,manufacturing.creditcard,available,129.2,129.2,high,low,13,spaceship,,,01/10/2026 02:43
bfc88425-ae67-460e-9c19-6372ae35dc3a,manufacturing.contact,available,11.59,11.59,high,low,13,spaceship,,,01/10/2026 02:43
a974523a-36fe-4c35-96e4-5a7c8416c24e,industrial.degree,available,8.24,41.71,high,low,10,porkbun,,,04/10/2026 13:56
b3170c05-075d-441a-b935-39309183687d,factory.cx,resell,,,high,low,7,CentralNic Ltd,06/01/2025 17:41,06/01/2027 17:41,26/09/2026 05:59
3ad86dd2-79ed-4663-b696-1a787f76cf28,factory.camera,available,58.99,58.99,high,low,7,namesilo,,,25/09/2026 22:41
d7218b49-4973-4ecb-9110-b26052e1915a,industrial.gives,available,7.48,37.98,high,low,10,namecheap,,,04/10/2026 13:56
ae5e9672-d00b-458d-bb8d-0c7353e5f6a8,factory.my,premium,700.62,700.62,high,low,7,namesilo,,,25/09/2026 22:41
497187d6-12f3-4794-a49c-b2201c53d2e8,factory.how,premium,122.2,122.2,high,low,7,namecheap,,,25/09/2026 22:41
846a84e6-31ee-4b91-98ca-fa6fdadfeccb,production.deal,premium,130,130,high,low,10,namecheap,,,19/09/2026 18:56
36e6d76b-0f1d-4423-a288-db607ca71e29,factory.reisen,available,3.99,20.99,high,low,7,namesilo,,,25/09/2026 22:41
ca6ca189-a34e-4837-b70d-4479ca1196ea,industrial.webcam,available,11.99,11.99,high,low,10,namesilo,,,04/10/2026 13:56
c19e343b-7286-44c7-84bb-18c14b4b3a83,factory.deal,premium,130,130,high,low,7,namecheap,,,25/09/2026 22:41
c0ff135c-4d0e-48aa-a4f0-fc6765f826ae,assembly.tech,resell,,,high,low,8,Squarespace Domains LLC,28/02/2018 02:17,28/02/2027 23:59,26/09/2026 04:04
8bc99cb2-78c7-44bd-a490-c3029eae931c,production.autos,available,1.8,21.98,high,low,10,namecheap,,,19/09/2026 18:56
722534c3-7515-43bd-891d-897a635d0983,industrial.la,resell,4145.75,,high,low,10,VIPDomains.LA  Founders Program,16/02/2016 08:07,16/02/2027 23:59,04/10/2026 13:56
1aa8b3b3-f62a-4007-b099-142f5cb824b1,plant.online,premium,647.08,2587.7,high,low,5,spaceship,,,04/10/2026 17:45
fc6ef67e-c059-4a5f-8c0d-7c72e36e941d,industry.sarl,premium,38.94,38.94,high,medium,8,namesilo,,,06/10/2026 02:16
0239ff1c-4f83-4cdf-9403-dc27e34eeaa8,factory.space,premium,812.5,3250,high,low,7,namecheap,,,25/09/2026 22:41
56c59a73-a055-4e40-aac3-7d6518464bb4,factory.audio,available,104.99,114.99,high,low,7,namesilo,,,25/09/2026 22:41
1a02147c-462a-46e1-9acb-c74ca1160fa4,assembly.srl,available,31.99,31.99,high,low,8,namesilo,,,20/09/2026 16:09
64e08cef-9a06-4ee4-9fcc-7f131d833a00,industrial.biz,premium,50.5,18.83,high,low,10,unstoppable,,,04/10/2026 13:56
4ce3ea15-ca96-44ea-95d6-1fb570c736eb,production.maison,available,60.98,69.98,high,low,10,namecheap,,,19/09/2026 18:56
c0d43f59-e33c-4b2f-acb1-29b318329502,factory.repair,available,5.98,47.48,high,low,7,namecheap,,,25/09/2026 22:41
26275777-0b79-42fb-a98a-6d0b523aeae8,production.mom,available,1.8,45.98,high,low,10,namecheap,,,19/09/2026 18:56
728d5786-6d72-4cc1-b108-4db5f1e7d098,manufacturing.kim,available,12,23.49,high,low,13,unstoppable,,,01/10/2026 02:43
2718318a-a422-4824-901b-ab198c03e5b7,fabrication.equipment,available,10.81,23.17,high,low,11,porkbun,,,05/10/2026 13:20
edbadaba-e84c-41a4-af58-04be8bf77abe,production.lifestyle,available,1.8,48.98,high,low,10,namecheap,,,19/09/2026 18:56
ab5f02e8-19eb-4019-a9da-f495211971dd,industrial.online,premium,325,1300,high,low,10,namecheap,,,04/10/2026 13:56
614319ba-cf61-4558-8afc-775271c07f08,factory.fans,premium,116,116,high,low,7,namesilo,,,25/09/2026 22:41
dcd9ab89-5484-4054-a261-9de69c19e28e,factory.moi,available,25.99,25.99,high,low,7,namesilo,,,25/09/2026 22:41
8fe97035-05b7-4432-9759-c6080dbe4b9d,factory.autos,resell,,,high,low,7,"Spaceship, Inc.",02/03/2022 15:37,02/03/2027 23:59,26/09/2026 05:59
858b81f4-8651-415f-8a22-1e638f3bbbe9,industrial.delivery,available,2.98,79.98,high,low,10,namecheap,,,04/10/2026 13:56
320ff1d0-1980-4add-98e1-0a523b1e0338,production.desi,available,19.98,22.98,high,low,10,namecheap,,,19/09/2026 18:56
63285846-6c7a-409c-b7b3-fc1f16bc0ca8,production.living,available,1.8,48.98,high,low,10,namecheap,,,19/09/2026 18:56
48793af1-c6e2-4b62-aca1-f0f70fb9d77b,assembly.build,premium,1950,1950,high,low,8,namecheap,,,20/09/2026 16:09
78bfac02-d6d2-430e-93b1-9e77983adb60,production.democrat,available,5.98,41.48,high,low,10,namecheap,,,19/09/2026 18:56
bd6962cd-bf55-41a6-8000-bf15c09edee9,industrial.buzz,premium,103.7,51.95,high,low,10,spaceship,,,04/10/2026 13:56
8ce99f5b-a275-4817-8d2d-040cbad6b3bd,factory.voyage,available,58.99,58.99,high,low,7,namesilo,,,25/09/2026 22:41
5b66b7de-2945-42fc-88a2-14cfebff6f3c,industrial.legal,available,71.99,71.99,high,low,10,namesilo,,,04/10/2026 13:56
0cf62149-89f4-4953-a1fc-ee1cf0bfcf31,factory.style,resell,,,high,low,7,"Sav.com, LLC",12/09/2026 13:23,12/09/2027 13:23,26/09/2026 05:59
f5703d77-60b5-4203-874c-368694fb9ec4,factory.flights,available,58.99,58.99,high,low,7,namesilo,,,25/09/2026 22:41
b78d8434-c94c-459f-9fda-b193a41a4cf3,assembly.sarl,available,6.98,8.98,high,low,8,namecheap,,,20/09/2026 16:09
4b463457-3ff9-4639-a2e3-b5c4de72986b,production.singles,available,3.98,36.98,high,low,10,namecheap,,,19/09/2026 18:56
9648f519-0854-4ac3-a60b-648d666f7f6c,production.cloud,premium,650,1300,high,low,10,namecheap,,,19/09/2026 18:56
8b7c1228-4c44-4cd2-8a91-e3db77b98c76,factory.xxx,resell,,,high,low,7,"GoDaddy.com, LLC",23/06/2026 06:11,23/06/2027 06:11,26/09/2026 05:59
10d05e83-f06e-4578-8182-b439ca6469b3,plant.cyou,premium,310.7,621.2,high,low,5,spaceship,,,04/10/2026 17:45
4df5759a-afa1-408b-8a82-b198c2ca764d,production.hosting,available,310.98,437.98,high,low,10,namecheap,,,19/09/2026 18:56
5a34df00-a6de-4215-90c8-eb0c8f099009,factory.careers,available,34.99,71.99,high,low,7,namesilo,,,25/09/2026 22:41
fe8fff1c-0b88-4a75-a2ea-4e81ec44e6e7,industrial.lawyer,available,62.99,62.99,high,low,10,namesilo,,,04/10/2026 13:56
09f21b60-4af7-4b94-a794-1d5ec624b5f4,industrial.healthcare,available,88.99,88.99,high,low,10,namesilo,,,04/10/2026 13:56
892b34a1-e6e9-4a96-864c-99bd0e089164,production.global,premium,1560,65,high,low,10,namecheap,,,19/09/2026 18:56
946b86bf-0d17-4bd6-a9bb-2f7f77761004,industrial.coach,available,17.99,77.99,high,low,10,namesilo,,,04/10/2026 13:56
0ffa6a81-3d2f-4904-b528-db9eb5d0388d,industrial.international,resell,,,high,low,10,"GoDaddy.com, LLC",14/08/2017 07:57,14/08/2027 07:57,04/10/2026 13:56
c85de525-d421-4b0f-89d5-b106fecdd966,factory.ceo,available,10.19,129.99,high,low,7,namesilo,,,25/09/2026 22:41
07b58711-82a9-4e37-896b-8f8a989dc189,industrial.fans,premium,116,116,high,low,10,namesilo,,,04/10/2026 13:56
029cfc84-485d-44d7-a41a-7692466a6279,plant.cx,available,16.53,16.75,high,low,5,porkbun,,,04/10/2026 17:45
88997256-ca02-4f5c-90b5-adf42c9f3194,factory.date,premium,116,29.5,high,low,7,namesilo,,,25/09/2026 22:41
6c232c25-8067-433d-804e-478df12573b8,production.clinic,available,11.98,82.98,high,low,10,namecheap,,,19/09/2026 18:56
9b7dec98-9136-4f6d-a519-3263f22ea904,factory.sbs,premium,68.43,147.2,high,low,7,namesilo,,,25/09/2026 22:41
1e01b878-7a7c-49f7-b0c3-eb1dd96aeb72,factory.camp,available,62.99,62.99,high,low,7,namesilo,,,25/09/2026 22:41
6def54db-3ac5-437e-9848-2f669aa70625,industrial.xyz,resell,,,high,low,10,Dynadot Inc,25/08/2021 13:16,25/08/2027 23:59,04/10/2026 13:56
7415196a-3593-487b-b739-115301721d39,industrial.beauty,available,1.99,17.29,high,low,10,namesilo,,,04/10/2026 13:56
0e44fbbe-b344-4ec3-8ab4-430a4ac73c8f,engineering.movie,available,47.99,349.99,high,low,11,namesilo,,,05/10/2026 19:09
aef8bc45-c525-4e1d-ae0f-4ce36f271aab,factory.cleaning,available,75.49,75.49,high,low,7,namesilo,,,25/09/2026 22:41
3d219768-8d1e-4326-b8b4-6d0812a0ad02,production.reviews,available,65.98,77.98,high,low,10,namecheap,,,19/09/2026 18:56
c7d84a4d-f340-4d92-b0cc-205208dbf935,industrial.organic,available,17,85.99,high,low,10,unstoppable,,,04/10/2026 13:56
b54bb16d-c32d-48e9-be72-864415d51867,industrial.download,premium,448,53.92,high,low,10,namesilo,,,04/10/2026 13:56
c19df206-9b23-4c10-b232-2c39eb95efa1,industrial.promo,available,10.81,20.08,high,low,10,porkbun,,,04/10/2026 13:56
a5d7024e-ac7a-4632-8c9b-3c01b7bdb7b5,industrial.fyi,resell,19.5,19.5,high,low,10,"GoDaddy.com, LLC",18/03/2026 15:31,18/03/2027 15:31,04/10/2026 13:56
f084ffa5-27a0-4dee-b8ef-f1e038372e66,factory.gives,available,14.99,23.99,high,low,7,namesilo,,,25/09/2026 22:41
32cae7e4-b134-4c51-a106-b8215eeb916f,plant.movie,available,46,278.58,high,low,5,unstoppable,,,04/10/2026 17:45
a85f3faa-dc1c-4d8e-ba7d-15635faa6974,industrial.cards,available,31.25,31.25,high,low,10,spaceship,,,04/10/2026 13:56
b729aa72-e791-4843-a82e-59b42759aafa,production.lease,available,58.98,73.98,high,low,10,namecheap,,,19/09/2026 18:56
ee5f3a78-85e4-4f73-9be0-88ba376d42f9,production.forum,available,1.8,49.98,high,low,10,namecheap,,,19/09/2026 18:56
6c111f14-64d8-4169-9319-bc2c8b39f517,industrial.solar,resell,,,high,low,10,"Sav.com, LLC - 29",08/06/2026 15:16,08/06/2027 15:16,04/10/2026 13:56
f96fe9a1-7f62-4a87-af41-3849c6558a52,industrial.institute,premium,108.9,108.9,high,low,10,dynadot,,,04/10/2026 13:56
6e3646b6-31a2-43e7-85ae-29ca0641b4e8,factory.gg,resell,,,high,low,7,GoDaddy.com LLC (https://www.godaddy.com),,,26/09/2026 05:59
c7160e1b-509a-4c0a-8ab8-4f78b9cf4b16,equipment.supplies,premium,242,242,high,low,9,namesilo,,,05/10/2026 01:38
6bb9d509-97ea-4874-b173-8f5d4055b055,factory.hiv,available,195.99,195.99,high,low,7,namesilo,,,25/09/2026 22:41
31efa545-0dc6-4533-8dea-fbb858135d53,engineering.garden,available,1.98,43.98,high,low,11,namecheap,,,05/10/2026 19:09
29e184ac-6b5e-4b07-8f17-9bb618430965,plant.ltda,available,29.35,30.16,high,low,5,porkbun,,,04/10/2026 17:45
d07b88aa-4fbe-4e11-85b2-dc614cf8b649,production.phd,premium,427.7,427.7,high,low,10,namecheap,,,19/09/2026 18:56
a47a87e7-7beb-4b49-8b58-5f8521820481,production.marketing,resell,,,high,low,10,Dynadot Inc,23/01/2026 17:00,23/01/2027 17:00,26/09/2026 08:21
3a0052c2-1e1b-4138-a802-526ac8dd9d4a,fabrication.dev,premium,50.92,50.92,high,low,11,spaceship,,,05/10/2026 13:20
bc741202-d5da-4ed9-8a5d-5fd333414eda,production.online,premium,812.5,3250,high,low,10,namecheap,,,19/09/2026 18:56
1eb1d6fe-83c5-4551-b614-65636f2ae305,factory.sex,available,69.98,154.98,high,low,7,namecheap,,,25/09/2026 22:41
19e9ea06-f461-4fa1-90dc-980b2d532641,factory.fit,resell,,,high,low,7,"Sav.com, LLC - 36",25/12/2025 00:00,25/12/2026 00:00,26/09/2026 05:59
fa71ac80-2aa8-4d03-aa04-06e243fc3faf,industrial.democrat,available,5.38,26.08,high,low,10,spaceship,,,04/10/2026 13:56
e4cc2c16-a735-431d-a1c6-fc31a6678109,industrial.agency,resell,,,high,low,10,Automattic Inc.,18/07/2021 15:49,18/07/2028 15:49,04/10/2026 13:56
0ef36298-3910-4c7e-89a0-8d650ab659eb,factory.claims,available,17.99,64.99,high,low,7,namesilo,,,25/09/2026 22:41
56974d25-0060-4532-b7dd-912d9a0be75d,production.ski,available,76.98,82.98,high,low,10,namecheap,,,19/09/2026 18:56
006b1a44-0873-4e3c-98d2-8f691801658f,factory.gold,resell,,,high,low,7,"DNSPod, Inc.",05/01/2021 23:47,05/01/2027 23:47,26/09/2026 05:59
3ccd4ee5-d0ee-4210-a95a-a71f492cff63,factory.protection,available,1999.99,2049.99,high,low,7,namesilo,,,25/09/2026 22:41
fd889861-1bf6-4185-b886-22b880a27a1e,plant.christmas,available,1.24,31.16,high,low,5,spaceship,,,04/10/2026 17:45
3ea913dd-f43c-44ee-9987-46799e03c1eb,production.land,available,5.98,54.98,high,low,10,namecheap,,,19/09/2026 18:56
6f12a1b0-be8d-451a-b88b-f50bff149089,factory.lgbt,available,11.98,93.98,high,low,7,namecheap,,,25/09/2026 22:41
fd30f9b7-4e6a-4e77-b744-1a9487eda9bb,industrial.luxe,available,19.49,19.49,high,low,10,namesilo,,,04/10/2026 13:56
34d09558-08ea-4945-9c34-329457906f5a,production.florist,available,31.98,41.98,high,low,10,namecheap,,,19/09/2026 18:56
b660da4d-6f25-4386-9826-28f1ddc5b675,industrial.pub,available,39.99,39.99,high,low,10,namesilo,,,04/10/2026 13:56
e1cbcd54-0b8b-485f-9a46-fd6633512304,industrial.motorcycles,available,1.99,14.45,high,low,10,dynadot,,,04/10/2026 13:56
7135dec4-a012-46ea-8431-a7ee08974451,production.navy,available,43.98,45.98,high,low,10,namecheap,,,19/09/2026 18:56
75870389-fa2f-40f7-98ac-56035f37ce0c,industrial.vodka,premium,41.6,26.08,high,low,10,spaceship,,,04/10/2026 13:56
52bceeef-6028-4b9c-8744-eabc993ae19d,factory.tickets,available,359.99,488.88,high,low,7,namesilo,,,25/09/2026 22:41
6bb47f15-8e03-44c7-9ed7-2365d0386764,factory.attorney,available,62.99,62.99,high,low,7,namesilo,,,25/09/2026 22:41
81aaa117-2198-4c7f-ab2b-6629d75b0fd8,factory.dance,available,16.99,27.49,high,low,7,namesilo,,,25/09/2026 22:41
587d7aaf-fa69-4721-8a4b-294f92b9babf,production.forsale,available,13.98,47.48,high,low,10,namecheap,,,19/09/2026 18:56
9ed161a6-c65e-4bfd-bbe3-d88303e9812c,industrial.accountants,available,93.35,93.35,high,low,10,spaceship,,,04/10/2026 13:56
6d478f2a-f8f6-40c5-8d92-871f36f1535d,industrial.diet,available,104.99,114.99,high,low,10,namesilo,,,04/10/2026 13:56
e2089a42-ceb2-4c75-9c77-bc5822da8caf,engineering.fast,premium,517.7,517.7,high,low,11,spaceship,,,05/10/2026 19:09
7bbae3ff-c331-4daa-ad34-83e91fd51067,factory.cooking,available,32.49,32.49,high,low,7,namesilo,,,25/09/2026 22:41
36901695-46ef-45a3-9599-06953562125c,industrial.mov,premium,76.7,76.7,high,low,10,namecheap,,,04/10/2026 13:56
061cf8ff-d937-4c73-b8f1-ba8742b8f4d1,assembly.movie,available,47.99,349.99,high,low,8,namesilo,,,20/09/2026 16:09
d6bc65de-731b-4478-8c1c-d74e1a20d59d,production.vodka,available,33.98,43.98,high,low,10,namecheap,,,19/09/2026 18:56
f6de9f27-5844-46fc-bec9-4880cd566608,plant.living,premium,72.65,103.7,high,low,5,spaceship,,,04/10/2026 17:45
4621fef5-4fda-429c-8927-9b7180bd37ca,factory.republican,available,7.49,28.99,high,low,7,namesilo,,,25/09/2026 22:41
e3fe56c3-daef-4421-832b-6c4dd2043935,production.vana,available,2298,2498,high,low,10,namecheap,,,19/09/2026 18:56
7bfd78d6-6320-48bd-95f5-f7a38388f04c,plant.direct,available,14.98,53.98,high,low,5,namecheap,,,04/10/2026 17:45
a27fcc6b-b86c-448f-8345-2f83364dfafd,plant.voyage,available,46.78,46.78,high,low,5,spaceship,,,04/10/2026 17:45
c86a1cd8-0fce-4044-81e8-c640cda8908a,factory.top,premium,266.5,266.5,high,low,7,namesilo,,,25/09/2026 22:41
8063c6b6-2509-4646-ab7d-25ce24479f03,industrial.rsvp,premium,129.2,161.25,high,low,10,unstoppable,,,04/10/2026 13:56
989aa903-ffbd-4604-bac6-1185070b8aba,factory.porn,available,69.98,154.98,high,low,7,namecheap,,,25/09/2026 22:41
9dd75108-a998-4e0c-a2eb-d623c3e7fd97,engineering.media,premium,118.8,118.8,high,low,11,namesilo,,,05/10/2026 19:09
f87a382c-f38c-404e-90c2-09f32a8d5b44,industrial.ing,premium,350.2,455,high,low,10,unstoppable,,,04/10/2026 13:56
09d1cece-efda-4620-b8e0-d9270d69b600,production.pub,available,42.98,51.98,high,low,10,namecheap,,,19/09/2026 18:56
b36a7c19-04bd-4a7f-9e1e-43287107b5b2,engineering.luxury,available,26,26,high,low,11,spaceship,,,05/10/2026 19:09
624a5eb2-dd6e-4fc2-8457-dfa763b574a7,industrial.accountant,premium,448,53.92,high,low,10,namesilo,,,04/10/2026 13:56
d92d31f1-9394-433c-a32c-ff5e48558e55,factory.football,available,26.98,36.98,high,low,7,namecheap,,,25/09/2026 22:41
6ac17a4e-430f-478a-94e2-fedb1dafd79a,industrial.press,premium,162.5,325,high,low,10,namecheap,,,04/10/2026 13:56
74174c76-fbe1-4150-bc58-0de81699f698,assembly.green,available,14.99,79.99,high,low,8,namesilo,,,20/09/2026 16:09
ec573739-50fd-43e3-b470-2043c1238df7,industrial.gay,available,2.98,50.98,high,low,10,namecheap,,,04/10/2026 13:56
0284e2e1-bc78-4658-bd47-9fccf66d4d33,industrial.channel,premium,133.72,133.72,high,low,10,spaceship,,,04/10/2026 13:56
95fd898c-2b8c-4657-9994-117f32d71ef7,industrial.repair,resell,9.99,,high,low,10,"Spaceship, Inc.",08/03/2026 14:19,08/03/2027 14:19,04/10/2026 13:56
f131580b-aeb6-4c7d-b7a1-9d50bb2d14e8,production.trading,available,21.98,27.98,high,low,10,namecheap,,,19/09/2026 18:56
459929ed-cb8a-4953-b7c9-4d55bbf90dbc,industry.loans,available,15.73,93.35,high,medium,8,spaceship,,,06/10/2026 02:16
a369402b-cfa8-4f23-961e-ceae99571c25,production.spot,premium,130,130,high,low,10,namecheap,,,19/09/2026 18:56
65020a13-cf14-49ca-a590-f17076808343,plant.rip,available,24.5,18.83,high,low,5,unstoppable,,,04/10/2026 17:45
a2ec981d-c6f0-4edd-9dd2-8987c37e0f1a,plant.taxi,available,7.96,49.88,high,low,5,spaceship,,,04/10/2026 17:45
01743f60-d676-42ce-9f02-5cc1057e20cf,industrial.vacations,available,30.2,30.2,high,low,10,cloudflare,,,04/10/2026 13:56
bd4c9ddc-99bf-4cc7-b81b-5af52db9f3c9,production.live,premium,1625,3250,high,low,10,namecheap,,,19/09/2026 18:56
46311449-e133-4f48-bb09-d205836aade5,industry.storage,available,509.99,529.99,high,medium,8,namesilo,,,06/10/2026 02:16
e0de9251-91be-4e44-8b03-bd038797fb08,production.moda,available,43.98,45.98,high,low,10,namecheap,,,19/09/2026 18:56
7ac47fd5-2fc1-49eb-afc7-a7546763bf77,production.ryukyu,available,17.98,22.98,high,low,10,namecheap,,,19/09/2026 18:56
212ffade-0fe8-432c-a115-74dd0b80f22f,plant.report,resell,,,high,low,5,"GoDaddy.com, LLC",04/12/2023 13:40,04/12/2027 13:40,04/10/2026 17:45
ae7463ed-c1c7-4b9b-8da8-1a933f9a63ef,machinery.engineer,premium,242,242,high,low,9,namesilo,,,05/10/2026 18:41
835034aa-2836-469d-8804-0caa2629dc65,production.science,premium,1300,130,high,low,10,namecheap,,,19/09/2026 18:56
bc105624-9ef5-4707-b703-ff38dfb2ea01,production.luxury,available,49.99,49.99,high,low,10,name.com,,,19/09/2026 18:56
d1c5a561-432b-49ac-8bd3-9efb8ae033d4,factory.rip,available,23.49,23.49,high,low,7,namesilo,,,25/09/2026 22:41
b108af45-6438-40be-a938-572da44537a2,plant.foo,premium,249.2,323.7,high,low,5,unstoppable,,,04/10/2026 17:45
5a5d5ac4-5222-4f80-a671-690780c7e468,plant.icu,premium,328.02,655.52,high,low,5,porkbun,,,04/10/2026 17:45
ceaef888-d213-4a35-a39f-5550908f40f6,factory.reise,available,27.89,97.99,high,low,7,namesilo,,,25/09/2026 22:41
2e756430-561b-4ac9-a54d-43cc241b9f66,plant.fun,premium,647.08,2587.7,high,low,5,spaceship,,,04/10/2026 17:45
8eefdc47-3fce-425e-be04-dbadf4687a47,factory.eco,premium,9735.05,74.75,high,low,7,namecheap,,,25/09/2026 22:41
b173a82a-1f69-4474-a77a-4761dad3ef5b,industrial.ltda,premium,56.64,33.04,high,low,10,namesilo,,,04/10/2026 13:56
453bb656-5681-4020-8875-b6d9cce869db,production.markets,premium,85.8,85.8,high,low,10,namecheap,,,19/09/2026 18:56
a3a4e206-f5c7-447f-b06f-2c5f47ac6af6,production.tires,available,87.98,110.98,high,low,10,namecheap,,,19/09/2026 18:56
6a405625-5e5d-43b3-92f6-46f993ca613e,plant.cricket,premium,448,53.92,high,low,5,namesilo,,,04/10/2026 17:45
9b1b1d3b-9b4e-4efb-8975-8bd0bc3b8ea6,plant.stream,premium,455,65,high,low,5,namecheap,,,04/10/2026 17:45
ff412448-1002-4771-a7a4-fa9c1d73d133,industry.gold,resell,,,high,medium,8,"Xiamen ChinaSource Internet Service Co., Ltd",06/12/2023 15:15,06/12/2026 15:15,06/10/2026 02:16
a7cf9b52-88fe-4605-a244-3bbb827413f0,fabrication.glass,available,58.16,58.16,high,low,11,spaceship,,,05/10/2026 13:20
54d10eb8-9c3d-43cb-a7df-991813cedff3,plant.us,resell,,,high,low,5,"NameSilo, LLC",24/04/2002 14:12,23/04/2027 23:59,04/10/2026 17:45
d801b6da-59bc-4a95-836c-dfc74314ebfd,engineering.build,premium,1552.7,1552.7,high,low,11,spaceship,,,05/10/2026 19:09
f53e18e9-7597-441b-8594-15d79f2b255a,industrial.jewelry,available,10.92,53.72,high,low,10,dynadot,,,04/10/2026 13:56
53cede41-f1b6-4952-8717-737676009bb9,factory.hiphop,available,23.99,23.99,high,low,7,namesilo,,,25/09/2026 22:41
6a110ecc-4624-47e6-99d9-64bf5ab7bbd9,factory.giving,premium,85.8,85.8,high,low,7,namecheap,,,25/09/2026 22:41
9665d15d-6bd8-40a8-855e-23e0c02a6326,factory.ing,premium,845,845,high,low,7,namecheap,,,25/09/2026 22:41
056c54ec-415c-4696-aef8-208877c62375,assembly.homes,available,1.99,17.29,high,low,8,namesilo,,,20/09/2026 16:09
6734ba4f-176f-4169-85d1-d4c3f9996b53,plant.attorney,available,49.88,49.88,high,low,5,spaceship,,,04/10/2026 17:45
95f3b3d8-30c0-4501-bd2d-43f5d916fe7f,assembly.bargains,available,17.99,26.49,high,low,8,namesilo,,,20/09/2026 16:09
c6259b1e-15e5-4048-879c-3d26eac6d21f,assembly.golf,available,6.98,83.98,high,low,8,namecheap,,,20/09/2026 16:09
3a962281-4e30-484a-bc63-f8208223ef95,plant.vana,available,2060.25,2060.25,high,low,5,porkbun,,,04/10/2026 17:45
2807aa10-b938-41c8-a741-0f9f1f1d8578,engineering.work,premium,5175.2,10.55,high,low,11,spaceship,,,05/10/2026 19:09
71001a2b-b3cb-4bda-9800-f4d0d97f9363,factory.fashion,resell,,,high,low,7,"Spaceship, Inc.",15/08/2024 14:07,15/08/2027 14:07,26/09/2026 05:59
4b03ea20-8504-466b-8cc0-b5d5fc121f0d,engineering.rsvp,premium,257.92,257.92,high,low,11,spaceship,,,05/10/2026 19:09
eaf47b83-2451-4d23-b0f1-a65120f2b8fe,factory.investments,available,12.99,129.99,high,low,7,namesilo,,,25/09/2026 22:41